-- MySQL dump 10.13  Distrib 5.7.20, for Linux (x86_64)
--
-- Host: localhost    Database: lex
-- ------------------------------------------------------
-- Server version	5.7.20-0ubuntu0.16.04.1

/*!40101 SET @OLD_CHARACTER_SET_CLIENT=@@CHARACTER_SET_CLIENT */;
/*!40101 SET @OLD_CHARACTER_SET_RESULTS=@@CHARACTER_SET_RESULTS */;
/*!40101 SET @OLD_COLLATION_CONNECTION=@@COLLATION_CONNECTION */;
/*!40101 SET NAMES utf8 */;
/*!40103 SET @OLD_TIME_ZONE=@@TIME_ZONE */;
/*!40103 SET TIME_ZONE='+00:00' */;
/*!40014 SET @OLD_UNIQUE_CHECKS=@@UNIQUE_CHECKS, UNIQUE_CHECKS=0 */;
/*!40014 SET @OLD_FOREIGN_KEY_CHECKS=@@FOREIGN_KEY_CHECKS, FOREIGN_KEY_CHECKS=0 */;
/*!40101 SET @OLD_SQL_MODE=@@SQL_MODE, SQL_MODE='NO_AUTO_VALUE_ON_ZERO' */;
/*!40111 SET @OLD_SQL_NOTES=@@SQL_NOTES, SQL_NOTES=0 */;

--
-- Table structure for table `agent`
--

DROP TABLE IF EXISTS `agent`;
/*!40101 SET @saved_cs_client     = @@character_set_client */;
/*!40101 SET character_set_client = utf8 */;
CREATE TABLE `agent` (
  `id` tinyint(3) unsigned NOT NULL AUTO_INCREMENT,
  `name` text CHARACTER SET utf8 NOT NULL,
  PRIMARY KEY (`id`),
  UNIQUE KEY `id_UNIQUE` (`id`)
) ENGINE=InnoDB AUTO_INCREMENT=23 DEFAULT CHARSET=latin1;
/*!40101 SET character_set_client = @saved_cs_client */;

--
-- Dumping data for table `agent`
--

LOCK TABLES `agent` WRITE;
/*!40000 ALTER TABLE `agent` DISABLE KEYS */;
INSERT INTO `agent` VALUES (1,'guvernul'),(2,'comisia naţională a pieţei financiare'),(3,'consiliul coordonator al audiovizualului'),(4,'parlamentul'),(5,'administraţia de stat a aviaţiei civile'),(6,'preşedintele republicii moldova'),(7,'banca naţională'),(8,'prezidiul sovietului suprem al rss moldoveneşti'),(9,'acte internaţionale'),(10,'alte ministere'),(11,'comisia de stat pentru piaţa hîrtiilor de valoare'),(12,'ministerul finanţelor'),(13,'republicii sovietice socialiste moldoveneşti'),(14,'comisia electorală centrală'),(15,'curtea constituţională'),(16,'curtea de conturi'),(17,'sovietul suprem al rssm'),(18,'ministerul transporturilor şi infrastructurii drumurilor'),(19,'monitorul oficial'),(20,'ministerul muncii şi protecţiei sociale'),(21,'serviciul de stat pentru supravegherea asigurărilor'),(22,'agenţia naţională pentru reglementare în energetică');
/*!40000 ALTER TABLE `agent` ENABLE KEYS */;
UNLOCK TABLES;

--
-- Table structure for table `cat`
--

DROP TABLE IF EXISTS `cat`;
/*!40101 SET @saved_cs_client     = @@character_set_client */;
/*!40101 SET character_set_client = utf8 */;
CREATE TABLE `cat` (
  `id` tinyint(3) unsigned NOT NULL AUTO_INCREMENT,
  `name` varchar(45) CHARACTER SET utf8 NOT NULL,
  PRIMARY KEY (`id`),
  UNIQUE KEY `id_UNIQUE` (`id`),
  UNIQUE KEY `name_UNIQUE` (`name`)
) ENGINE=InnoDB AUTO_INCREMENT=15 DEFAULT CHARSET=latin1;
/*!40101 SET character_set_client = @saved_cs_client */;

--
-- Dumping data for table `cat`
--

LOCK TABLES `cat` WRITE;
/*!40000 ALTER TABLE `cat` DISABLE KEYS */;
INSERT INTO `cat` VALUES (8,'acord'),(1,'cod'),(4,'decizie'),(10,'declaraţie'),(7,'decret'),(3,'dispoziţie'),(14,'diverse'),(12,'erată'),(13,'extras'),(2,'hotărîre'),(5,'lege'),(6,'ordin'),(11,'ordonanţă'),(9,'regulament');
/*!40000 ALTER TABLE `cat` ENABLE KEYS */;
UNLOCK TABLES;

--
-- Table structure for table `clasf`
--

DROP TABLE IF EXISTS `clasf`;
/*!40101 SET @saved_cs_client     = @@character_set_client */;
/*!40101 SET character_set_client = utf8 */;
CREATE TABLE `clasf` (
  `id` tinyint(3) unsigned NOT NULL AUTO_INCREMENT,
  `name` varchar(255) CHARACTER SET utf8 NOT NULL,
  PRIMARY KEY (`id`),
  UNIQUE KEY `id_UNIQUE` (`id`),
  UNIQUE KEY `name_UNIQUE` (`name`)
) ENGINE=InnoDB AUTO_INCREMENT=4 DEFAULT CHARSET=latin1;
/*!40101 SET character_set_client = @saved_cs_client */;

--
-- Dumping data for table `clasf`
--

LOCK TABLES `clasf` WRITE;
/*!40000 ALTER TABLE `clasf` DISABLE KEYS */;
INSERT INTO `clasf` VALUES (1,'Codul de clasificare al actului'),(3,'Informaţii despre actele juridice adoptate întru executarea actului juridic iniţial'),(2,'Informaţii despre actele juridice prin care s-a modificat, completat, abrogat, suspendat sau a fost declarat neconstituţional actul juridic şi menţiunea privind rectificarea actului juridic');
/*!40000 ALTER TABLE `clasf` ENABLE KEYS */;
UNLOCK TABLES;

--
-- Table structure for table `doc`
--

DROP TABLE IF EXISTS `doc`;
/*!40101 SET @saved_cs_client     = @@character_set_client */;
/*!40101 SET character_set_client = utf8 */;
CREATE TABLE `doc` (
  `id` mediumint(6) unsigned NOT NULL,
  `name` text CHARACTER SET utf8 NOT NULL,
  `agent_id` tinyint(3) unsigned NOT NULL COMMENT 'adopting agent',
  `date` date NOT NULL COMMENT 'document issue date',
  `code_full` varchar(45) NOT NULL,
  `code_a` varchar(45) DEFAULT NULL,
  `no` varchar(45) NOT NULL,
  `cat_id` tinyint(3) unsigned NOT NULL COMMENT 'document category (type)',
  `oj_id` smallint(5) unsigned NOT NULL COMMENT 'original Official Journal issue id',
  `clasf` tinytext CHARACTER SET utf8,
  `dt` timestamp NOT NULL DEFAULT CURRENT_TIMESTAMP,
  PRIMARY KEY (`id`),
  UNIQUE KEY `id_UNIQUE` (`id`),
  KEY `fk_doc_cat_id_idx` (`cat_id`),
  KEY `fk_doc_agent_id_idx` (`agent_id`),
  CONSTRAINT `fk_doc_agent_id` FOREIGN KEY (`agent_id`) REFERENCES `agent` (`id`) ON DELETE NO ACTION ON UPDATE NO ACTION,
  CONSTRAINT `fk_doc_cat_id` FOREIGN KEY (`cat_id`) REFERENCES `cat` (`id`) ON DELETE NO ACTION ON UPDATE NO ACTION
) ENGINE=InnoDB DEFAULT CHARSET=latin1;
/*!40101 SET character_set_client = @saved_cs_client */;

--
-- Dumping data for table `doc`
--

LOCK TABLES `doc` WRITE;
/*!40000 ALTER TABLE `doc` DISABLE KEYS */;
INSERT INTO `doc` VALUES (285556,'privind modificarea Regulamentului cu privire la folosirea facilității de lombard între Banca Națională a Moldovei și băncile comerciale',7,'2000-11-30','HBNA362/2000','HBNA','362',2,3065,'1:2:3','2018-01-08 21:39:26'),(286230,'CODUL PENAL AL REPUBLICII MOLDOVA',4,'2002-04-18','CPM985/2002','CPM','985',1,1244,'1:2:3','2018-01-08 21:33:22'),(286232,'H O T Ă R Î R E',12,'2002-05-30','HMF102/2002','HMF','102',2,1306,'1:2:3','2018-01-08 21:33:22'),(286233,'COMISIA PENTRU SITUAŢII EXCEPŢIONALE Dispoziţie',10,'1999-11-17','CSE05/1999','CSE','5',4,3041,'','2018-01-08 21:33:22'),(286234,'COMISIA PENTRU SITUAŢII EXCEPŢIONALE Dispoziţie',10,'1999-11-18','CSE06/1999','CSE','6',4,3041,'','2018-01-08 21:33:22'),(286235,'între administraţiile căilor ferate ale ţărilor-participante la Comunitatea Statelor Independente, Republica Letonia, Republica Lituania, Republica Estonia cu privire la particularităţile anumitor norme ale Acordului cu privire la traficul internaţional de călători (ATIC)',9,'1997-05-28','CSIBALT/1997','CSIBALT','CSIBALT',8,3040,'','2018-01-08 21:33:22'),(286236,'cu privire la ştiinţă şi inovare al Republicii Moldova',4,'2004-07-15','CSIM259/2004','CSIM','259',1,1079,'1:2:3','2018-01-08 21:33:22'),(286237,'cu privire la completarea şi modificarea Hotărîrii CSPHV nr. 36-4 din 16.05.96',11,'1997-12-18','CSPHV74/14/1997','CSPHV','74/14',2,1058,'1:2:3','2018-01-08 21:33:22'),(286238,'cu privire la adoptarea Instrucţiunii provizorii cu privire la ţinerea registrului de către deţinătorul nominal al hîrtiilor de valoare',11,'1996-05-16','CSPHVM36-4/1996','CSPHVM','36-4',2,1058,'1:2:3','2018-01-08 21:33:23'),(286239,'provizoriu de organizare a concursului proiectelor de cercetare-dezvoltare',13,'2000-10-17','CSSDT174/2000','CSSDT','174',9,3042,'','2018-01-08 21:33:23'),(286384,'DECLARAŢIA Parlamentului Republicii Moldova',4,'2000-07-26','DECL2607/2000','DECL','2607',10,3046,'','2018-01-08 21:36:09'),(286890,'DISPOZIŢIE',1,'2003-02-06','DGO14/2003','DGO','14',3,1160,'','2018-01-08 09:16:16'),(286891,'DISPOZIŢIE',1,'2004-02-06','DGO14/2004','DGO','14-d',3,1070,'','2018-01-08 09:16:11'),(286893,'DISPOZIŢIE',1,'2004-09-14','DGO140/2004','DGO','140',3,1105,'1:2:3','2018-01-08 09:16:20'),(286894,'DISPOZIŢIE',1,'2005-12-19','DGO140/2005','DGO','140',3,1020,'','2018-01-08 09:16:30'),(286895,'DISPOZIŢIE',1,'2004-09-15','DGO141/2004','DGO','141',3,1106,'1:2:3','2018-01-08 09:16:27'),(286896,'DISPOZIŢIE',1,'2005-12-21','DGO141/2005','DGO','141',3,1020,'','2018-01-08 09:16:39'),(286897,'DISPOZIŢIE',1,'2004-09-21','DGO144/2004','DGO','144',3,1107,'','2018-01-08 09:16:36'),(286898,'DISPOZIŢIE',1,'2004-09-21','DGO146/2004','DGO','146',3,1107,'','2018-01-08 09:16:45'),(286899,'DISPOZIŢIE',1,'2004-09-24','DGO147/2004','DGO','147',3,1107,'','2018-01-08 09:16:42'),(287140,'DISPOZIŢIE',1,'1995-10-20','DGO454/1995','DGO','454',3,3016,'1:2:3','2018-01-07 23:37:48'),(287141,'Dispoziţie cu privire la aprobare Planului de admitere la doctorat şi postdoctorat pentru anul de studii 1999-2000 şi a Planului de admitere la învăţămîntul postuniversitar specializat pentru anul de studii 1999-2000',1,'1999-10-07','DGO46/1999','DGO','46',3,3017,'','2018-01-07 23:40:42'),(287142,'DISPOZIŢIE',1,'2001-10-17','DGO46/2001','DGO','46',3,3018,'','2018-01-07 23:44:22'),(287143,'DISPOZIŢIE',1,'2002-06-11','DGO46/2002','DGO','46',3,1300,'1:2:3','2018-01-07 23:28:48'),(287144,'DISPOZIŢIE',1,'2003-04-24','DGO46/2003','DGO','46',3,1200,'','2018-01-07 20:02:28'),(287145,'DISPOZIŢIE',1,'2004-04-08','DGO46/2004','DGO','46',3,1090,'','2018-01-07 22:36:59'),(287146,'DISPOZIŢIE',1,'2005-04-27','DGO46/2005','DGO','46',3,1049,'1:2:3','2018-01-07 23:27:45'),(287147,'DISPOZIŢIE',1,'1995-10-23','DGO460/1995','DGO','460',3,3016,'1:2:3','2018-01-07 23:35:11'),(287148,'DISPOZIŢIE',1,'2001-10-29','DGO47/2001','DGO','47',3,3019,'','2018-01-07 23:46:24'),(287149,'D I S P O Z I T I E',1,'2002-06-12','DGO47/2002','DGO','47',3,1300,'1:2:3','2018-01-07 23:46:31'),(290480,'privind promulgarea Legii bugetului asigurărilor sociale de stat pe anul 2002',6,'2001-12-28','DPO437/2001','DPO','437',7,3063,'','2018-01-08 21:36:41'),(290481,'privind promulgarea Legii pentru modificarea titlului II din Codul fiscal nr. 1163-XIII din 24 aprilie 1997',6,'2001-12-28','DPO438/2001','DPO','438',7,3063,'1:2:3','2018-01-08 21:36:41'),(290482,'privind numirea în funcţie a directorilor adjuncţi ai Serviciului de Informaţii şi Securitate al Republicii Moldova',6,'2001-12-28','DPO439/2001','DPO','439',7,3063,'','2018-01-08 21:39:26'),(290483,'ORDONANŢA cu privire la unele măsuri pentru satisfacerea cerinţelor social-culturale ale poporulaţiei moldoveneşti (romăneşti) care trăieşte dincolo de hotarele Republicii Moldova',6,'1991-06-10','DPO44/1991','DPO','44',7,3073,'','2018-01-08 21:56:07'),(290484,'pentru promulgarea Legii privind aderarea Republicii Moldova la unele acte internaţionale în domeniul protecţiei mediului',6,'2001-05-14','DPO44/2001','DPO','44',7,3061,'1:2:3','2018-01-08 21:36:41'),(290485,'privind promulgarea Legii pentru modificarea Legii nr. 590-XIII din 22 septembrie 1995 cu privire la standardizare şi a Legii nr. 866-XIV din 10 martie 2000 privind barierele tehnice în calea comerţului',6,'2002-01-14','DPO443/2002','DPO','443',7,1235,'1:2:3','2018-01-08 21:36:41'),(290486,'privind promulgarea Legii pentru modificarea şi completarea Legii nr. 1353-XIV din 3 noiembrie 2000 privind gospodăriile ţărăneşti (de fermier)',6,'2002-01-14','DPO444/2002','DPO','444',7,1235,'1:2:3','2018-01-08 21:36:41'),(290487,'cu privire la unele măsuri de asigurarea a recuperării pierderilor deţinătorilor Băncii de Economii a Moldovei',6,'1995-12-29','DPO445/1995','DPO','445',7,3062,'','2018-01-08 21:36:41'),(290488,'privind promulgarea Legii pentru modificarea şi completarea Legii nr. 1100-XIV din 30 iunie 2000 cu privire la fabricarea şi circulaţia alcoolului etilic şi a producţiei alcoolice',6,'2002-01-14','DPO445/2002','DPO','445',7,1235,'1:2:3','2018-01-08 21:39:26'),(290489,'privind promulgarea Legii pentru repunerea în aplicare, modificarea şi completarea Legii restructurării întreprinderilor agricole în procesul de privatizare nr. 392-XIV din 13 mai 1999',6,'2002-01-14','DPO446/2002','DPO','446',7,1235,'1:2:3','2018-01-08 21:39:26'),(290734,'privind promulgarea Legii pentru ratificarea Acordului dintre Republica Moldova şi Republica Croaţia privind promovarea şi protejarea reciprocă a investiţiilor',6,'2002-04-24','DPO630/2002','DPO','630',7,1290,'1:2:3','2018-01-08 21:39:30'),(290735,'pentru promulgarea Legii privind importul a două automobile pentru transportarea poştei',6,'2002-04-24','DPO631/2002','DPO','631',7,1290,'1:2:3','2018-01-08 21:39:30'),(290736,'privind conferirea Ordinului \"Gloria Muncii\" domnului Djumberi TODUA',6,'2002-04-25','DPO632/2002','DPO','632',7,1290,'1:2:3','2018-01-08 21:39:30'),(290737,'privind conferirea medaliei \"Meritul Civic\" doamnei Elena LEANCĂ şi domnilor Eugen COTRUŢĂ şi Valeriu IACOBUŢĂ',6,'2002-04-25','DPO633/2002','DPO','633',7,1290,'1:2:3','2018-01-08 21:39:30'),(290738,'privind conferirea medaliei \"Meritul Civic\" domnilor Victor AZENCO, Vasile BERDIANU şi Iuri GULEVSCHI',6,'2002-04-25','DPO634/2002','DPO','634',7,1290,'1:2:3','2018-01-08 21:39:30'),(290739,'privind promulgarea Legii pentru modificarea Codului vamal al Republicii Moldova',6,'2002-04-26','DPO635/2002','DPO','635',7,1290,'1:2:3','2018-01-08 21:39:29'),(291280,'Extras din procesul-verbal al şedinţei Colegiului Ministerului Finanţelor al Republicii Moldova nr. 9/2 din 6 august 2003',12,'2003-08-06','EMF9/2/2003','EMF','9/2',13,1172,'','2018-01-08 21:36:39'),(291281,'Extras din decizia Comisiei interdepartamentale pentru maşinile de casă şi control',12,'1998-12-21','EMFO2112/1998','EMFO','2112',13,3057,'','2018-01-08 21:36:39'),(291282,'din decizia Comisiei interdepartamentale pentru maşinile de casă şi control din 26 iunie 2002',12,'2002-06-26','EMF277/2002','EMF','277',13,1240,'1:2:3','2018-01-08 21:36:39'),(291283,'Extras din decizia Comisiei interdepartamentale pentru maşinile de casă şi control',12,'1998-09-30','EMFO3009/1998','EMFO','3009',13,3058,'','2018-01-08 21:36:39'),(291284,'Explicaţii adăugătoare legate de impunerea cu accize a materiei prime ce aparţine clientului',12,'1994-11-09','EMFO86031/1994','EMFO','8-6-03-1',2,3059,'','2018-01-08 21:36:39'),(291285,'cu privire la modul de stabilire a duratei concediilor anuale şi modul de calculare a salariului mediu pentru plata indemnizaţiei de concediu, indemnizaţiei de eliberare din serviciu şi pentru zilele de sărbătoare nelucrătoare odată cu punerea în aplicare a Codului muncii al Republicii Moldova nr. 154-XV din 28 martie 2003',20,'2003-10-03','EMMPSA08/2003','EMMPSA','08',14,1163,'1:2:3','2018-01-08 21:36:40'),(291286,'E R A T Ă',19,'2005-10-28','EMO142/2005','EMO','142',12,1003,'1:2:3','2018-01-08 21:36:40'),(291287,'ERATA',19,'2004-11-26','EMO212/2004','EMO','212',12,1117,'','2018-01-08 21:36:40'),(291288,'E R A T Ă',19,'2004-02-06','EMO22/2004','EMO','22',12,1068,'1:2:3','2018-01-08 21:36:38'),(291289,'E R A T Ă',19,'2005-02-18','EMOC26/2005','EMOC','26',12,1061,'1:2:3','2018-01-08 21:36:38'),(295090,'despre modificarea Codului privind activitatea practică a vinificatorului',1,'2004-06-08','HGA626/2004','HGA','626',2,1099,'1:2:3','2018-01-08 21:36:37'),(295091,'cu privire la actele de identitate ale refugiaţilor',1,'2005-06-28','HGA626/2005','HGA','626',2,1034,'1:2:3','2018-01-08 21:36:37'),(295094,'cu privire la aprobarea modificărilor ce se operează în Normativele de timp şi de cheltuieli pentru organizarea şi desfăşurarea examenelor de absolvire a treptelor de şcolaritate, aprobate prin Hotărîrea Guvernului nr. 601 din 20 mai 2003',1,'2005-06-28','HGA630/2005','HGA','630',2,1033,'1:2:3','2018-01-08 21:36:37'),(296080,'cu privire la Comisia interdepartamentală de management al spaţiului aerian al Republicii Moldova',1,'2005-03-18','HGM296/2005','HGM','296',2,1055,'1:2:3','2018-01-08 21:36:37'),(296234,'cu privire la crearea Instituţiei Publice „Unitatea de coordonare, implementare şi monitorizare a proiectelor în domeniul sănătăţii',1,'2000-04-19','HGM391/2000','HGM','391',2,3020,'1:2:3','2018-01-08 09:47:00'),(296884,'cu privire la perfecţionarea modului de recalculare a pensiilor',1,'1992-12-29','HGM864/1992','HGM','864',2,3072,'','2018-01-08 21:39:28'),(296885,'cu privire la completarea şi modificarea unor hotărîri ale Guvernului Republicii Moldova cu privire la Holdingul S.A. \"Conversiune\"',1,'1999-09-20','HGM864/1999','HGM','864',2,3071,'1:2:3','2018-01-08 21:39:28'),(296889,'Cu privire la carnetul de muncă',1,'1994-11-28','HGM867/1994','HGM','867',2,3069,'1:2:3','2018-01-08 21:39:28'),(300089,'cu privire la reconfirmarea în funcţie a d-lui Dolghi Nicolae',1,'1994-04-26','HGO203/1994','HGO','203',2,3039,'1:2:3','2018-01-08 11:25:00'),(300252,'Cu privire la finalizarea construcţiei complexului memorial \"Şerpeni\"',1,'1995-04-05','HGO221/1995','HGO','221',2,3025,'','2018-01-08 09:47:01'),(300253,'cu privire la aprobarea modificărilor şi completărilor operate în Statutul Administraturii Apostolice a Bisericii Romano-Catolice din Republica Moldova',1,'1997-03-06','HGO221/1997','HGO','221',2,3026,'','2018-01-08 09:47:01'),(300255,'despre aprobarea proiectului de lege pentru completarea articolului 24 al Titlului II din Codul fiscal',1,'2004-03-05','HGO221/2004','HGO','221',2,1086,'','2018-01-08 09:49:51'),(300257,'Cu privire la numirea în funcţie a şefilor de secţii ale Cancelariei de stat a Guvernului R.S.S. Moldova',1,'1990-07-20','HGO222/1990','HGO','222',2,3037,'','2018-01-08 11:25:00'),(300258,'Cu privire la înregistrarea Statutului Partidului Comunist Independent al Moldovei (pe platforma democratică)',1,'1991-04-26','HGO222/1991','HGO','222',2,3038,'','2018-01-08 11:25:00'),(300259,'Cu privire la numirea în funcţie a d-lui Didilică Vlad',1,'1994-04-26','HGO222/1994','HGO','222',2,3039,'','2018-01-08 11:25:00'),(302428,'cu privire la declararea sărbătorii profesionale \"Ziua Geologului\"',1,'2000-05-24','HGO487/2000','HGO','487',2,3044,'','2018-01-08 21:33:23'),(303230,'despre aprobarea Avizului asupra proiectului de lege pentru modificarea unor acte legislative',1,'2004-05-31','HGO589/2004','HGO','589',2,1098,'','2018-01-08 21:39:27'),(303231,'cu privire la acordarea deplinelor puteri domnului Vladimir ANTOSII, ministru al industriei şi infrastructurii',1,'2005-06-20','HGO589/2005','HGO','589',2,1031,'1:2:3','2018-01-08 21:39:27'),(303232,'Despre hotărîrea Consiliului de Miniştri al Uniunii R.S.S. din 14 februarie 1990 nr. 161 \"Cu privire la înlesnirile, acordate familiilor militarilor căzuţi, ale persoanelor din efectivul de comandă şi din trupe, ale celor supuse serviciului militar şi încorporate la concentrare, ale lucrătorilor şi funcţionarilor din cadrul Ministerului apărării al Uniunii R.S.S., Ministerul afacerilor interne al Uniunii R.S.S. şi Comitetului securităţii de stat al Uniunii R.S.S.\"',1,'1990-02-28','HGO59/1990','HGO','59',2,3068,'','2018-01-08 21:39:28'),(303233,'Cu privire la componenţa nominală a Comisiei republicane pentru piaţa hîrtiilor de valoare',1,'1993-02-12','HGO59/1993','HGO','59',2,3067,'','2018-01-08 21:39:27'),(303236,'privind aprobarea proiectului de lege pentru completarea articolului 339 din Codul de procedură penală',1,'2002-01-24','HGO59/2002','HGO','59',2,1261,'1:2:3','2018-01-08 21:39:28'),(303239,'Cu privire la loturile de pămînt, retrase din folosinţa cetăţenilor pentru necesităţile statului, cu demolarea caselor de locuit, a construcţiilor auxiliare şi defrişarea plantaţiilor de pomi şi arbuşti fructiferi',1,'1992-09-08','HGO590/1992','HGO','590',2,3070,'','2018-01-08 21:39:28'),(304540,'pentru aprobarea Acordului între Guvernul Republicii Moldova şi Guvernul Federaţiei Ruse privind protecţia reciprocă a informaţiilor secrete',1,'2003-06-24','HGO762/2003','HGO','762',2,1139,'','2018-01-08 09:47:00'),(304541,'despre iniţierea negocierilor asupra proiectului Convenţiei între Guvernul Republicii Moldova şi Guvernul Regatului Norvegiei cu privire la colaborarea în domeniul carantinei plantelor',1,'2004-07-06','HGO762/2004','HGO','762',2,1076,'','2018-01-08 09:47:00'),(304542,'cu privire la transmiterea bunurilor materiale către Institutul Naţional de Educaţie Fizică şi Sport',1,'2005-07-25','HGO762/2005','HGO','762',2,1324,'1:2:3','2018-01-08 09:47:00'),(304543,'Cu privire la modelele unice de contract de vînzare-cumpărare şi de certificat de proprietate privată asupra bunurilor privatizate',1,'1992-11-25','HGO763/1992','HGO','763',2,3021,'','2018-01-08 09:47:00'),(304544,'Pentru aprobarea proiectului de lege a Republicii Moldova \"Cu privire la Bugetul Fondului Social al Republicii Moldova pe anul 1994\" şi proiectului de hotărîre a Parlamentului Republicii Moldova \"Privind punerea în aplicare a Legii Republicii Moldova \"Cu privire la Bugetul Fondului Social al Republicii Moldova pe anul 1994\"',1,'1993-12-08','HGO763/1993','HGO','763',2,3036,'','2018-01-08 11:24:59'),(304545,'Cu privire la numirea în funcţie a dlui Stratan Andrei',1,'1998-07-08','HGO763/1998','HGO','763',2,3024,'','2018-01-08 09:47:01'),(304546,'privind instituirea Grupului de lucru pentru exerciţiul de compatibilitate a legislaţiei Republicii Moldova cu prevederile Cartei Sociale Europene Revizuite',1,'1999-08-09','HGO763/1999','HGO','763',2,3022,'','2018-01-08 09:47:00'),(304547,'despre aprobarea Avizului la proiectul de lege pentru modificarea şi completarea Legii cu privire la poliţie',1,'2000-08-01','HGO763/2000','HGO','763',2,3023,'','2018-01-08 09:47:01'),(304548,'cu privire la alocarea de mijloace financiare',1,'2002-06-14','HGO763/2002','HGO','763',2,1304,'1:2:3','2018-01-08 09:47:01'),(304549,'cu privire la acordarea deplinelor puteri domnului Marian LUPU, ministrul economiei',1,'2004-07-06','HGO763/2004','HGO','763',2,1076,'','2018-01-08 09:47:01'),(306940,'pentru ratificarea Convenţiei privind concilierea şi arbitrajul în cadrul Conferinţei pentru Securitate şi Cooperare în Europa',4,'1998-11-25','HPO203/1998','HPO','203',2,3051,'1:2:3','2018-01-08 21:36:10'),(306941,'pentru ratificarea Acordului de credit (Primul Proiect de Cadastru) dintre Republica Moldova şi Asociaţia Internaţională pentru Dezvoltare',4,'1998-11-25','HPO204/1998','HPO','204',2,3051,'1:2:3','2018-01-08 21:36:10'),(306944,'cu privire la executarea Hotărîrii Parlamentului pentru confirmarea valorii patrimoniului de stat aflat la bilanţul băncilor comerciale pe acţiuni',4,'1998-12-16','HPO0230/1998','HPO','230',2,3048,'','2018-01-08 21:36:10'),(306945,'privind convertirea unor obligaţiuni garantate de stat',4,'1998-12-23','HPO0242/1998','HPO','242',2,3049,'','2018-01-08 21:36:10'),(306946,'pentru ratificarea Acordului de garanţie dintre Republica Moldova şi Banca Europeană pentru Reconstrucţie şi Dezvoltare, semnat la 18 decembrie 1998',4,'1998-12-24','HPO0246/1998','HPO','246',2,3050,'','2018-01-08 21:36:10'),(306948,'privind aprobarea componenţei nominale a grupului Parlamentului Republicii Moldova pentru cooperarea cu Parlamentul European',4,'1995-02-02','HPO0355/1995','HPO','355',2,3047,'','2018-01-08 21:36:10'),(308010,'asupra proiectului de Lege cu privire la arendă în agricultură',4,'2003-03-21','HPO142/2003','HPO','142',2,1191,'','2018-01-08 21:36:37'),(308011,'privind aprobarea ordinii de zi a sesiunii a zecea a Parlamentului',4,'1993-05-11','HPO1420/1993','HPO','1420',2,3055,'','2018-01-08 21:36:37'),(308012,'privind respingerea proiectului de Lege pentru modificarea şi completarea Codului electoral',4,'2000-12-15','HPO1420/2000','HPO','1420',2,3028,'','2018-01-08 21:36:37'),(308014,'asupra proiectului de Lege pentru modificarea şi completarea Legii privind gospodăriile ţărăneşti (de fermier)',4,'2002-11-01','HPO1422/2002','HPO','1422',2,1251,'','2018-01-08 21:36:38'),(309645,'cu privire la măsurile de reluare a activităţii mijloacelor de informare în masă din raionul Grigoriopol',4,'1991-12-24','HPO823/1991','HPO','823',2,3066,'','2018-01-08 21:39:27'),(309649,'privind respingerea proiectului de Lege pentru modificarea şi completarea unor acte legislative',4,'2002-02-07','HPO825/2002','HPO','825',2,1273,'1:2:3','2018-01-08 21:36:38'),(311170,'pentru modificarea articolului 7 din Legea cu privire la energia electrică',4,'2000-11-17','LPA1379/2000','LPA','1379',5,3031,'1:2:3','2018-01-08 09:49:52'),(311171,'pentru modificarea şi completarea unor acte legislative',4,'2000-11-30','LC1389/2000','LC','1389',5,3028,'','2018-01-08 09:49:52'),(311172,'pentru modificarea şi completarea unor acte legislativ',4,'1997-12-05','LC1399/1997','LC','1399',5,3033,'','2018-01-08 09:49:52'),(311173,'pentru modificarea şi completarea Legii privind societăţile pe acţiuni',4,'2000-12-07','LC1401/2001','LC','1401',5,3032,'','2018-01-08 09:49:52'),(311174,'pentru modificarea şi completarea Legii privind preţul normativ şi modul de vînzare-cumpărare a pămîntului',4,'2000-12-07','LC1403/2000','LC','1403',5,3028,'','2018-01-08 09:49:52'),(311175,'pentru completarea articolului 20 din titlul II al Codului fiscal',4,'2002-10-24','LC1405/2002','LC','1405',5,1251,'','2018-01-08 09:49:52'),(311176,'privind rectificarea bugetului de stat pe anul 1997',4,'1997-12-17','LC1406/1997','LC','1406',5,3030,'','2018-01-08 09:49:52'),(311177,'pentru completarea Codului cu privire la contravenţiile administrative',4,'2000-12-07','LC1406/2001','LC','1406',5,3029,'1:2:3','2018-01-08 09:49:52'),(311178,'pentru completarea articolului 29 din Legea despre statutul deputatului în Parlament',4,'2000-12-07','LC1408/2000','LC','1408',5,3028,'','2018-01-08 09:49:52'),(311179,'privind modificarea şi abrogarea unor acte legislarive în legătură cu desfiinţarea inltituţiei judecăţilor tovărăşeşti',4,'1994-06-07','LC141/1994','LC','141',5,3027,'','2018-01-08 09:49:52'),(312045,'pentru modificarea articolului 7 din Legea nr. 595-XIV din 24 septembrie 1999 privind tratatele internaţionale ale Republicii Moldova',4,'2001-05-10','LPC137/2001','LPC','137',5,3045,'1:2:3','2018-01-08 21:33:23'),(312480,'pentru modificarea şi completarea unor acte legislative',4,'2004-12-30','LPC452/2004','LPC','452',5,1017,'1:2:3','2018-01-08 09:16:47'),(312487,'cu privire la modificarea şi completarea Legii regnului animal nr. 439-XIII din 27 aprilie 1995',4,'2003-11-20','LPC461/2003','LPC','461',5,1063,'1:2:3','2018-01-07 23:46:45'),(312489,'pentru modificarea şi completarea articolului 20 din Legea nr.1347-XIII din 9 octombrie 1997 privind deşeurile de producţie şi menajere',4,'2003-11-20','LPC463/2003','LPC','463',5,1175,'1:2:3','2018-01-08 21:36:13'),(312589,'privind modificarea articolului 51/2 din Codul cu privire la contravenţiile administrative',4,'2003-02-27','LPC63/2003','LPC','63',5,1183,'','2018-01-08 21:33:21'),(312645,'despre introducerea unor modificări şi completări în Codul Republicii Moldova cu privire la contravenţiile administrative, în Codul penal şi în Codul de procedură penală ale Republicii Moldova',4,'1990-06-05','LPC76/1990','LPC','76',5,3064,'','2018-01-08 21:39:26'),(312954,'pentru ratificarea Acordului dintre Republica Moldova şi Statul Kuweit privind promovarea şi protejarea reciprocă a investiţiilor',4,'2002-09-26','LPO1340/2002','LPO','1340',5,1925,'','2018-01-08 21:39:29'),(314248,'Regulamentul cu privire la modul de eliberare a licenţelor pentru desfăşurarea activităţii de asigurare în Republica Moldova',21,'1995-11-17','RSSSAA1711/1995','RSSSAA','1711',9,3060,'1:2:3','2018-01-08 21:36:40'),(316994,'cu privire la sistemul de executare silită',4,'2006-07-06','LPA204/2006','LPA','204',5,1223,'1:2:3','2018-01-08 21:33:23'),(320500,'cu privire la acordarea gradului special de general-maior de poliţie domnului Vladimir ŢURCAN',6,'1997-12-11','DPO390/1997','DPO','390',7,3052,'1:2:3','2018-01-08 21:36:12'),(320501,'Cu privire la conferirea unor distincţii de stat',6,'1997-12-12','DPO391/1997','DPO','391',7,3052,'','2018-01-08 21:36:12'),(320502,'Privind acordarea cetăţeniei Republicii Moldova',6,'1997-12-12','DPO393/1997','DPO','393',7,3052,'','2018-01-08 21:36:12'),(320503,'Privind conferirea gradului superior de calificare a judecătorului',6,'1997-12-12','DPO394/1997','DPO','394',7,3052,'','2018-01-08 21:36:12'),(320504,'Privind rechemarea domnului Nicolae DUDĂU, Ambasador Extraordinar şi Plenipotenţiar al Republicii Moldova',6,'1997-12-12','DPO395/1997','DPO','395',7,3053,'1:2:3','2018-01-08 21:36:12'),(320505,'Cu privire la promulgarea Legii pentru rectificarea bugetului de stat pe anul 1997',6,'1997-12-15','DPO396/1997','DPO','396',7,3054,'','2018-01-08 21:36:12'),(320506,'Pentru promulgarea Legii privind utilizarea mijloacelor prevăzute în bugetul de stat pentru susţinerea editării cărţii naţionale',6,'1997-12-15','DPO397/1997','DPO','397',7,3052,'','2018-01-08 21:36:12'),(320507,'Cu privire la conferirea titlului onorific \"Maestru în Artă\" domnului Pavel GOIA',6,'1997-12-16','DPO398/1997','DPO','398',7,3052,'','2018-01-08 21:36:12'),(320508,'Cu privire la conferirea medaliei \"Meritul Militar\" unui grup de colaboratori ai organelor afacerilor interne',6,'1997-12-17','DPO401/1997','DPO','401',7,3052,'','2018-01-08 21:36:12'),(320509,'Cu privire la conferirea ordinului \"Gloria Muncii\" domnuluiVadim VACARCIUC',6,'1997-12-17','DPO402/1997','DPO','402',7,3052,'','2018-01-08 21:36:12'),(320598,'cu privire la aprobarea amendamentelor la Reglementările aeronautice civile RAC-AOC Certificarea Operatorilor Aerieni',5,'2007-02-05','OASAC27/2007','OASAC','27',6,1330,'1:2:3','2018-01-08 09:47:00'),(322160,'cu privire la stabilirea riscurilor şi obiectelor supuse asigurării subvenţionate în agricultură în anul 2007',1,'2007-03-17','HGO310/2007','HGO','310',2,1336,'1:2:3','2018-01-08 21:36:09'),(322900,'cu privire la numirea în funcţie a dlui IACOVLEV Sergiu',1,'1999-04-08','HGO285/1999','HGO','285',2,3035,'1:2:3','2018-01-08 09:49:53'),(322901,'Cu privire la numirea dlui Emil CIOBU, Ambasador Extraordinar şi Plenipotenţiar al Republicii Moldova în Romănia, în funcţia de Ambasador Extraordinar şi Plenipotenţiar al Republicii Moldova în Republica Elenă',1,'1999-04-09','HGO288/1999','HGO','288',2,3035,'','2018-01-08 21:33:21'),(322902,'Cu privire la numirea dlui Gheorghe HIOARĂ, Ambasador Extraordinar şi Plenipotenţiar al Republicii Moldova în Republica Bulgaria, în funcţia de Ambasador Extraordinar şi Plenipotenţiar al Republicii Moldova în Republica Macedonia',1,'1999-04-09','HGO289/1999','HGO','289',2,3035,'','2018-01-08 09:49:53'),(322903,'Cu privire la numirea dlui Ceslav CIOBANU, Ambasador Extraordinar şi Plenipotenţiar al Republicii Moldova în Statele Unite ale Americii, în funcţia de Ambasador Extraordinar şi Plenipotenţiar al Republicii Moldova în Canada',1,'1999-04-09','HGO290/1999','HGO','290',2,3035,'','2018-01-08 09:49:53'),(322904,'Cu privire la participarea delegaţiei oficiale a Republicii Moldova la Reuniunea Anuală a Bordului de Guvernatori al Băncii Europene pentru Reconstrucţie şi Dezvoltare (BERD) din Londra, Anglia, în perioada 16-20 aprilie 1999',1,'1999-04-13','HGO293/1999','HGO','293',2,3035,'','2018-01-08 09:49:53'),(322905,'Cu privire la numirea dlui Nicolae CERNOMAZ, Ambasador Extraordinar şi Plenipotenţiar al Republicii Moldova în Republica Ungaria, în funcţia de Ambasador Extraordinar şi Plenipotenţiar al Republicii Moldova în Republica Croaţia',1,'1999-04-13','HGO294/1999','HGO','294',2,3035,'','2018-01-08 09:49:53'),(322906,'Cu privire la numirea domnului Nicolae OSMOCHESCU, Ambasador Extraordinar şi Plenipotenţiar al Republicii Moldova în Republica Uzbekistan, în funcţia de Ambasador Extraordinar şi Plenipotenţiar al Republicii Moldova în Republica Tadjikistan (prin cumul), cu reşedinţa la Taşkent',1,'1999-04-13','HGO295/1999','HGO','295',2,3035,'','2018-01-08 11:25:00'),(322907,'Cu privire la numirea domnului Vasile Ciumac, Ambasador Extraordinar şi Plenipotenţiar al Republicii Moldova în Republica Italiană, în funcţia de Ambasador Extraordinar şi Plenipotenţiar, Reprezentant Permanent al Republicii Moldova pe lîngă Organizaţia Naţiunilor Unite pentru Agricultură şi Alimentaţie (prin cumul)',1,'1999-04-13','HGO296/1999','HGO','296',2,3035,'','2018-01-08 11:25:00'),(322908,'Cu privire la numirea domnului Vasile Ciumac, Ambasador Extraordinar şi Plenipotenţiar al Republicii Moldova în Republica Italiană, în funcţia de Ambasador Extraordinar şi Plenipotenţiar, Reprezentant Permanent al Republicii Moldova pe lîngă Fondul Internaţional de Dezvoltare Agricolă (prin cumul)',1,'1999-04-13','HGO297/1999','HGO','297',2,3035,'','2018-01-08 21:33:21'),(322909,'Cu privire la aprobarea componenţei nominale a delegaţiei oficiale a Republicii Moldova, care va participa la prima reuniune a subcomitetului nr. 1 \"Comerţ şi investiţii\" în cadrul Comitetului de Cooperare între Republica Moldova şi Uniunea Europeană, în perioada 14-16 aprilie 1999, la Bruxelles',1,'1999-04-13','HGO298/1999','HGO','298',2,3035,'','2018-01-08 21:33:21'),(323050,'Privind promulgarea Legii pentru modificarea şi completarea Codului de procedură penală',6,'1999-07-05','DPO1073/1999','DPO','1073',7,3043,'','2018-01-08 21:33:23'),(323051,'Privind eliberarea deplinelor puteri domnului Ceslav CIOBANU, Ambasador Extraordinar şi Plenipotenţiar al Republicii Moldova',6,'1999-07-06','DPO1074/1999','DPO','1074',7,3043,'','2018-01-08 21:33:23'),(323052,'Privind conferirea de distincţii de stat domnilor Ion DEDIU, Alexandru JOLONDCOVSCHI şi Sergiu CUZNEŢOV',6,'1999-07-07','DPO1075/1999','DPO','1075',7,3043,'','2018-01-08 21:33:23'),(323053,'Privind conferirea Medaliei \"Meritul Civic\" unui grup de lucrători din domeniul transporturilor',6,'1999-07-08','DPO1076/1999','DPO','1076',7,3043,'','2018-01-08 21:33:23'),(323054,'Privind numirea domnului Mihai POCNEA, în funcţia de consultant principal în Aparatul Preşedintelui Republicii Moldova',6,'1999-07-08','DPO1077/1999','DPO','1077',7,3043,'','2018-01-08 21:33:23'),(323055,'Privind promulgarea Legii pentru modificarea şi completarea Legii privind protecţia socială a cetăţenilor care au avut de suferit de pe urma catastrofei de la Cernobîl',6,'1999-07-08','DPO1078/1999','DPO','1078',7,3043,'','2018-01-08 21:33:23'),(323056,'pentru promulgarea Legii cu privire la profilaxia infecţiei HIV/SIDA',6,'2007-04-06','DPO1078/2007','DPO','1078',7,1341,'','2018-01-08 21:33:23'),(323057,'Pentru promulgarea Legii restructurării întreprinderilor agricole în procesul de privatizare',6,'1999-07-09','DPO1079/1999','DPO','1079',7,3043,'','2018-01-08 21:33:23'),(323058,'pentru promulgarea Legii cu privire la modificarea şi completarea unor acte legislative',6,'2007-04-10','DPO1079/2007','DPO','1079',7,1341,'','2018-01-08 21:33:23'),(323059,'Privind promulgarea Legii pentru modificarea şi completarea unor acte legislative',6,'1999-07-09','DPO1080/1999','DPO','1080',7,3043,'','2018-01-08 21:33:23'),(323895,'cu privire la acordarea deplinelor puteri domnului Mihail BARBULAT, Ambasador Extraordinar şi Plenipotenţiar al Republicii Moldova în Republica Turcia',1,'2007-05-07','HGO500/2007','HGO','500',2,1345,'','2018-01-08 21:36:38'),(324430,'pentru controlul constituţionalităţii unor prevederi din Legea nr. 448-XVI din 28 decembrie 2006 “Pentru modificarea şi completarea unor acte legislative”',15,'2007-06-28','HCC19/2007','HCC','19',2,1352,'','2018-01-08 21:36:11'),(324431,'privind raportul asupra corectitudinii administrării şi gestionării mijloacelor fondului pentru subvenţionarea producătorilor agricoli în perioada anului 2006',16,'2007-04-26','HKK23/2007','HKK','23',2,1352,'1:2:3','2018-01-08 21:36:11'),(324432,'cu privire la modificarea Hotărîrii Curţii de Conturi nr.83 din 17.12.2004 “Privind rezultatele controlului asupra unor aspecte ale executării bugetului or. Durleşti şi gestionării fondului funciar de către administraţia publică locală în perioada a. 2002 - 01.07.2004”',16,'2007-05-08','HKK27/2007','HKK','27',2,1352,'1:2:3','2018-01-08 21:36:11'),(324433,'cu privire la aprobarea componenţei nominale a delegaţiei moldave în legătură cu participarea domnului Vladimir VORONIN, Preşedintele Republicii Moldova, la şedinţa Adunării Interparlamentare a C.S.I. (30-31 mai 2007, or. Sankt Petersburg)',1,'2007-06-29','HGO723/2007','HGO','723',2,1352,'','2018-01-08 21:36:11'),(324434,'cu privire la iniţierea negocierilor asupra proiectului Acordului, încheiat prin schimb de note, cu referire la unele aspecte tehnice privind implementarea Acordului de cooperare în domeniile economic şi tehnic între Guvernul Republicii Moldova şi Guvernul Republicii Populare Chineze, semnat la 20 iunie 2005',1,'2007-06-29','HGO735/2007','HGO','735',2,1352,'1:2:3','2018-01-08 21:36:12'),(324435,'cu privire la alocarea mijloacelor financiare',1,'2007-06-29','HGO745/2007','HGO','745',2,1352,'','2018-01-08 21:36:12'),(324436,'cu privire la aprobarea proiectului de lege pentru modificarea şi completarea Legii nr. 440-XIII din 27 aprilie 1995 cu privire la zonele şi fîşiile de protecţie a apelor rîurilor şi bazinelor de apă',1,'2007-06-29','HGO750/2007','HGO','750',2,1352,'','2018-01-08 21:36:12'),(324437,'cu privire la alocarea mijloacelor financiare',1,'2007-07-02','HGM753/2007','HGM','753',2,1352,'1:2:3','2018-01-08 21:36:12'),(324438,'cu privire la aprobarea componenţei nominale a delegaţiei moldave în legătură cu participarea domnului Vasile TARLEV, Prim-ministru, la Summit-ul “Noul Sud al Europei” (Republica Croaţia, Dubrovnik, 6-8 iulie 2007)',1,'2007-07-02','HGO754/2007','HGO','754',2,1352,'','2018-01-08 21:36:12'),(324439,'privind retragerea din Parlament a unui proiect de lege şi abrogarea unei hotărîri de Guvern',1,'2007-07-02','HGC755/2007','HGC','755',2,1352,'1:2:3','2018-01-08 21:36:12'),(329590,'cu privire la aprobarea componenţei nominale a delegaţiei moldave în legătură cu vizita oficială a doamnei Zinaida GRECEANÎI, Prim-ministru, în România (Bucureşti, 22-23 octombrie 2008)',1,'2008-10-31','HGO1225/2008','HGO','1225',2,1467,'1:2:3','2018-01-08 09:47:00'),(331028,'cu privire la autorizarea reorganizării Întreprinderii mixte „Valmi Automotive Moldova” S.A.',2,'2009-03-05','HCNPF10/7/2009','HCNPF','10/7',2,1502,'1:2:3','2018-01-08 21:36:38'),(336378,'cu privire la comerţul interior',4,'2010-09-23','LPM231/2010','LPM','231',5,1659,'1:2:3','2018-01-08 09:49:52'),(337999,'pentru iniţierea negocierilor asupra proiectului Acordului între Guvernul Republicii Moldova şi Cabinetul de Miniştri al Ucrainei privind asigurarea funcţionării complexului hidroenergetic Nistrean',1,'2011-03-31','HGO206/2011','HGO','206',2,1693,'1:2:3','2018-01-08 21:39:27'),(339881,'cu privire la aprobarea proiectului de lege pentru modificarea şi completarea unor acte legislative',1,'2011-08-20','HGO625/2011','HGO','625',2,1724,'1:2:3','2018-01-08 21:39:27'),(339882,'cu privire la aprobarea Programului de conservare şi sporire a fertilităţii solurilor pentru anii 2011-2020',1,'2011-08-20','HGO626/2011','HGO','626',2,1724,'1:2:3','2018-01-08 21:39:26'),(339883,'cu privire la completarea anexelor nr.1 şi nr.2 la Hotărîrea Guvernului nr. 952 din 14 octombrie 1997',1,'2011-08-20','HGA627/2011','HGA','627',2,1724,'1:2:3','2018-01-08 21:39:26'),(339887,'cu privire la Consiliul Economic pe lîngă Prim-ministru',1,'2011-08-22','HGM631/2011','HGM','631',2,1724,'1:2:3','2018-01-08 21:39:27'),(340290,'cu privire la aprobarea Avizului la proiectul de lege pentru modificarea şi completarea Codului vamal al Republicii Moldova',1,'2011-09-20','HGO698/2011','HGO','698',2,1729,'1:2:3','2018-01-08 21:39:27'),(340291,'cu privire la modificarea anexei nr.2 la Hotărîrea Guvernului nr.735 din 16 iunie 2003',1,'2011-09-20','HGA699/2011','HGA','699',2,1729,'1:2:3','2018-01-08 21:39:27'),(340292,'cu privire la transmiterea unor bunuri',1,'2011-09-20','HGO700/2011','HGO','700',2,1729,'1:2:3','2018-01-08 21:39:27'),(340293,'cu privire la listele candidaţilor la acordarea Bursei Preşedintelui Republicii Moldova pentru anul de studii 2011-2012',1,'2011-09-20','HGO701/2011','HGO','701',2,1729,'1:2:3','2018-01-08 21:39:27'),(340294,'cu privire la aprobarea listelor studenţilor din instituţiile de învăţămînt superior (ciclurile I, II) şi elevilor din instituţiile de învăţămînt mediu de specialitate cărora li se acordă burse de merit în anul de studii 2011-2012',1,'2011-09-20','HGO702/2011','HGO','702',2,1729,'1:2:3','2018-01-08 21:39:27'),(340295,'cu privire la modificarea şi completarea anexelor nr.1, nr. 4 şi nr. 6 la Hotărîrea Guvernului nr. 453 din 16 iunie 2011',1,'2011-09-20','HGC703/2011','HGC','703',2,1729,'1:2:3','2018-01-08 21:39:27'),(340296,'cu privire la aprobarea listei actelor legislative şi normative care vor fi monitorizate de către organele centrale de specialitate ale administraţiei publice în semestrul II al anului 2011',1,'2011-09-20','HGO704/2011','HGO','704',2,1729,'','2018-01-08 21:39:27'),(340297,'cu privire la alocarea mijloacelor financiare',1,'2011-09-20','HGO705/2011','HGO','705',2,1729,'1:2:3','2018-01-08 21:39:27'),(340298,'cu privire la aprobarea proiectului de lege privind aprobarea Strategiei de reformare a sectorului justiţiei pentru anii 2011-2016',1,'2011-09-20','HGO706/2011','HGO','706',2,1729,'1:2:3','2018-01-08 21:39:27'),(340299,'cu privire la unele măsuri de eficientizare a funcţionării sistemelor de alimentare centralizată cu energie termică',1,'2011-09-20','HGC707/2011','HGC','707',2,1729,'1:2:3','2018-01-08 21:39:27'),(341497,'cu privire la modificarea Hotărîrii Guvernului nr. 369 din 24 mai 2011',1,'2011-12-19','HGC965/2011','HGC','965',2,1744,'1:2:3','2018-01-08 21:33:21'),(341959,'cu privire la ratificarea Convenţiei Consiliului Europei pentru protecţia copiilor împotriva exploatării sexuale şi a abuzurilor sexuale',4,'2011-12-19','LPO263/2011','LPO','263',5,1754,'1:2:3','2018-01-08 21:36:37'),(343364,'cu privire la înregistrări în Registrul de stat al valorilor mobiliare',2,'2012-05-24','HCNPF22/1/2012','HCNPF','22/1',2,1780,'','2018-01-08 21:36:11'),(343863,'Cu privire la conferirea titlului onorific de \"Raționalizator emerit din RSS Moldovenească\" tov. NIGREI E. A.',17,'1990-01-11','DSS3694/1990','DSS','3694',7,3056,'','2018-01-08 21:36:37'),(343865,'Cu privire la decorarea tavarășilor BÎCIKOVSCHI V. A., ZARECINÎI M.I., MUSTEAȚĂ V.P. cu Diploma de Onoare a Prezidiului Sovietului Suprem al RSS Moldovenești',17,'1990-02-01','DSS3725/1990','DSS','3725',7,3056,'','2018-01-08 21:36:38'),(346784,'cu privire la atribuirea unor mandate de consilier în Consiliul sătesc Sagaidac, raionul Cimişlia',14,'2012-12-24','HCEC1614/2012','HCEC','1614',2,1838,'1:2:3','2018-01-08 21:36:37'),(346785,'cu privire la atribuirea unor mandate de consilier în Consiliul sătesc Topala, raionul Cimişlia',14,'2012-12-24','HCEC1615/2012','HCEC','1615',2,1838,'1:2:3','2018-01-08 21:36:37'),(346788,'cu privire la atribuirea unui mandat de consilier în Consiliul sătesc Ochiul Alb, raionul Drochia',14,'2012-12-24','HCEC1618/2012','HCEC','1618',2,1838,'1:2:3','2018-01-08 21:36:11'),(347357,'privind demisia unui deputat în Parlament',4,'2013-04-05','HPO67/2013','HPO','67',2,1848,'1:2:3','2018-01-08 21:36:38'),(347444,'cu privire la lichidarea Şcolii republicane cu şi fără frecvenţă pentru surzi şi hipoacuzici, mun. Chişinău',1,'2013-04-12','HGC260/2013','HGC','260',2,1850,'1:2:3','2018-01-08 09:49:51'),(349352,'cu privire la atribuirea unui mandat de consilier în Consiliul comunal Frasin, raionul Donduşeni',14,'2013-07-30','HCEC2108/2013','HCEC','2108',2,1879,'1:2:3','2018-01-08 21:36:11'),(349353,'cu privire la atribuirea unui mandat de consilier în Consiliul sătesc Teşcureni, raionul Ungheni',14,'2013-07-16','HCEC2077/2013','HCEC','2077',2,1879,'1:2:3','2018-01-08 21:36:11'),(349357,'pentru modificarea hotărîrii Comisiei Electorale Centrale nr. 1698 din 29 ianuarie 2013 „Cu privire la atribuirea unor mandate de consilier în Consiliul raional Căuşeni”',14,'2013-07-30','HCECC2106/2013','HCECC','2106',2,1879,'1:2:3','2018-01-08 21:36:10'),(349359,'cu privire la stabilirea datei alegerilor locale noi ale primarului comunei Ucrainca, raionul Căuşeni',14,'2013-07-23','HCEC2081/2013','HCEC','2081',2,1879,'1:2:3','2018-01-08 21:36:10'),(349920,'cu privire la aprobarea Regulamentului privind vînzarea acţiunilor proprietate publică la Bursa de Valori',1,'2008-02-13','*HGC145/2008','HGC','145',2,1392,'1:2:3','2018-01-08 21:36:12'),(351130,'pentru iniţierea negocierilor şi aprobarea semnării Acordului de finanţare dintre Guvernul Republicii Moldova şi Uniunea Europeană privind Programul-cadru de suport al acordurilor dintre Uniunea Europeană şi Republica Moldova (PNA 2013)',1,'2014-01-15','HGO8/2014','HGO','8',2,1920,'1:2:3','2018-01-08 21:39:29'),(351131,'pentru iniţierea negocierilor şi aprobarea semnării Addendumului nr.2 la Acordul de finanţare dintre Guvernul Republicii Moldova şi Uniunea Europeană cu privire la Programul de suport al politicilor sectoriale în domeniul stimulării economice a zonelor rurale, semnat la 26 noiembrie 2010',1,'2014-01-15','HGO9/2014','HGO','9',2,1920,'1:2:3','2018-01-08 21:39:29'),(351132,'pentru iniţierea negocierilor şi aprobarea semnării Acordului de finanţare dintre Guvernul Republicii Moldova şi Uniunea Europeană privind Programul „Măsuri de consolidare a încrederii”, PNA 2013',1,'2014-01-15','HGO10/2014','HGO','10',2,1920,'1:2:3','2018-01-08 21:39:29'),(351133,'pentru iniţierea negocierilor şi aprobarea semnării Addendumului nr. 1 la Acordul de finanţare dintre Guvernul Republicii Moldova şi Uniunea Europeană privind Programul-cadru de suport al acordurilor curente şi viitoare dintre Uniunea Europeană şi Republica Moldova (PNA 2012)',1,'2014-01-15','HGO11/2014','HGO','11',2,1920,'1:2:3','2018-01-08 21:39:29'),(351134,'pentru iniţierea negocierilor şi aprobarea semnării proiectului Acordului de finanţare dintre Guvernul Republicii Moldova şi Uniunea Europeană privind suportul în implementarea Planului de acţiuni privind liberalizarea regimului de vize',1,'2014-01-15','HGO12/2014','HGO','12',2,1920,'1:2:3','2018-01-08 21:39:28'),(351138,'cu privire la inventarierea şi înregistrarea bunurilor imobile, proprietate a unităţilor administrativ-teritoriale, aflate în gestiunea instituţiilor de cultură',1,'2014-01-15','HGO16/2014','HGO','16',2,1920,'1:2:3','2018-01-08 21:39:28'),(351139,'cu privire la confirmarea dnei Maria DUCA în postul de rector',1,'2014-01-15','HGO17/2014','HGO','17',2,1920,'1:2:3','2018-01-08 21:39:28'),(352522,'pentru iniţierea negocierilor asupra proiectului Acordului de finanţare dintre Republica Moldova şi Asociaţia Internaţională pentru Dezvoltare privind finanţarea Proiectului „Modernizarea sectorului sănătăţii în Republica Moldova”',1,'2014-04-02','HGO242/2014','HGO','242',2,3,'1:2:3','2018-01-08 21:36:38'),(352785,'cu privire la Instrucţiunea provizorie privind modul de eliberare şi utilizare a carnetelor cu foi de parcurs (INTERBUS)',18,'2012-02-20','*OMTIDC43/2012','OMTIDC','43',6,1761,'1:2:3','2018-01-08 21:36:38'),(353260,'cu privire la retragerea licenţei Asociaţiei de Economii şi Împrumut „FÎRLĂDENI”',2,'2014-05-30','HCNPF30/6/2014','HCNPF','30/6',2,15,'','2018-01-08 21:36:10'),(353261,'cu privire la acordarea licenţei Brokerului de Asigurare-Reasigurare „BIRMAN GRUP” S.R.L.',2,'2014-05-30','HCNPF30/8/2014','HCNPF','30/8',2,15,'','2018-01-08 21:36:10'),(353262,'cu privire la reperfectarea licenţelor Întreprinderii Mixte Compania de Asigurări „GRAWE CARAT ASIGURĂRI” S.A.',2,'2014-05-30','HCNPF30/9/2014','HCNPF','30/9',2,15,'','2018-01-08 21:36:10'),(353263,'cu privire la reperfectarea licenţei Societăţii de Asigurări-Reasigurări „MOLDCARGO” S.A.',2,'2014-05-30','HCNPF30/10/2014','HCNPF','30/10',2,15,'','2018-01-08 21:36:10'),(353264,'cu privire la reperfectarea licenţei Companiei de Asigurări “MOLDOVA-ASTROVAZ” S.A.',2,'2014-05-30','HCNPF30/11/2014','HCNPF','30/11',2,15,'','2018-01-08 21:36:10'),(353265,'cu privire la reperfectarea licenţei Brokerului de Asigurare - Reasigurare“PRODEVIZ” S.R.L.',2,'2014-05-30','HCNPF30/12/2014','HCNPF','30/12',2,15,'','2018-01-08 21:36:10'),(353266,'cu privire la desemnarea administratorului, redactor-şef al ziarului “CAPITAL Market” Î.S.',2,'2014-05-30','HCNPF30/16/2014','HCNPF','30/16',2,15,'','2018-01-08 21:36:10'),(353267,'cu privire la iniţierea controlului tematic privind respectarea legislaţiei în domeniul asociaţiilor de economii şi împrumut de către A.E.Î. „HILIUŢI-RÎŞCANI”',2,'2014-05-30','OCNPF30/7/2014','OCNPF','30/7',11,15,'1:2:3','2018-01-08 21:36:09'),(353268,'privind respectarea legislaţiei în domeniul asigurărilor de către Brokerul de Asigurare - Reasigurare „NOVA BROKER” S.R.L.',2,'2014-05-30','OCNPF30/14/2014','OCNPF','30/14',11,15,'','2018-01-08 21:36:09'),(353269,'cu privire la atribuirea unui mandat de consilier în Consiliul sătesc Şamalia, raionul Cantemir',14,'2014-02-11','HCEC2433/2014','HCEC','2433',2,15,'','2018-01-08 21:36:09'),(353725,'cu privire la aprobarea proiectului de lege pentru modificarea Legii bugetului asigurărilor sociale de stat pe anul 2014 nr. 329 din 23 decembrie 2013',1,'2014-06-30','HGA493/2014','HGA','493',2,24,'1:2:3','2018-01-07 23:44:31'),(353852,'cu privire la reconfirmarea în funcţie a domnului Tudor COPACI',1,'2014-07-16','HGO583/2014','HGO','583',2,25,'1:2:3','2018-01-08 21:39:26'),(353880,'cu privire la aprobarea proiectului Acordului de colaborare între Consiliul Concurenţei şi Consiliul Coordonator al Audiovizualului',3,'2014-06-12','DCCA86/2014','DCCA','86',4,25,'1:2:3','2018-01-08 09:49:53'),(353881,'cu privire la mediatizarea unei campanii sociale',3,'2014-06-12','DCCA88/2014','DCCA','88',4,25,'1:2:3','2018-01-08 09:49:53'),(353882,'cu privire la neprezentarea contractelor de retransmisie pentru anul 2014',3,'2014-06-20','DCCA90/2014','DCCA','90',4,25,'1:2:3','2018-01-08 09:49:53'),(353883,'cu privire la eliberarea autorizaţiilor de retransmisie',3,'2014-06-20','DCCA91/2014','DCCA','91',4,25,'1:2:3','2018-01-08 09:49:52'),(353884,'cu privire la examinarea solicitărilor întreprinderii „HB MEDIA” SRL şi ÎS „Radiocomunicaţii”',3,'2014-06-20','DCCA92/2014','DCCA','92',4,25,'1:2:3','2018-01-08 09:49:53'),(353885,'cu privire la cererea de prelungire de drept a licenţei de emisie',3,'2014-06-20','DCCA93/2014','DCCA','93',4,25,'1:2:3','2018-01-08 09:49:53'),(353886,'cu privire la punerea în circulaţie ca mijloc de plată şi în scop numismatic a unor monede comemorative',7,'2014-07-10','HBN134/2014','HBN','134',2,25,'1:2:3','2018-01-08 09:49:53'),(353887,'privind transplantul de organe, ţesuturi şi celule umane',4,'2008-03-06','*LPC42/2008','LPC','42',5,1408,'1:2:3','2018-01-08 09:49:53'),(353888,'ку привире ла декораря унуй груп де лукрэторь ай органелор асочиацией беневоле «Аутомобилистул аматор дин РСС Молдовеняскэ» ку Диплома де Оноаре а Президиулуй Советулуй Супрем ал РСС Молдовенешть',8,'1989-12-04','DPSSRSSM 3592/1989','DPSSRSSM','3592',7,3034,'','2018-01-08 11:25:00'),(353889,'ку привире ла декораря тов. ГОЛУБЕВА Е. С. ку Диплома де Оноаре а Президиулуй Советулуй Супрем ал РСС Молдовенешть',8,'1989-12-04','DPSSRSSM 3593/1989','DPSSRSSM','3593',7,3034,'','2018-01-08 11:25:00'),(355458,'cu privire la numirea în funcţie a domnului Mihail GRUMEZA',1,'2014-11-14','HGO943/2014','HGO','943',2,54,'1:2:3','2018-01-08 21:36:38'),(355459,'DISPOZIŢIE',1,'2014-11-14','DPO133/2014','DPO','133',3,54,'','2018-01-08 21:36:38'),(358674,'cu privire la reperfectarea licenţei Brokerului de Asigurare-Reasigurare „PRO CREDO GRUP” S.R.L.',2,'2015-05-08','HCNPF23/11/2015','HCNPF','23/11',2,89,'','2018-01-08 21:36:37'),(359100,'pentru promulgarea Legii cu privire la întreprinderea unor măsuri provizorii pe piaţa de capital',6,'2015-06-04','DPO1610/2015','DPO','1610',7,92,'1:2:3','2018-01-08 21:39:29'),(359102,'pentru modificarea articolului 2 din Hotărîrea Parlamentului nr. 25 din 27 februarie 2015 pentru constituirea unei comisii speciale permanente de control al declaraţiilor cu privire la venituri şi proprietate şi al declaraţiilor de interese personale ale preşedintelui şi membrilor Comisiei Naţionale de Integritate',4,'2015-05-29','HPC119/2015','HPC','119',2,92,'1:2:3','2018-01-08 11:25:00'),(359103,'privind numirea domnului Valeriu PĂDURARI în funcţia de vicepreşedinte al Judecătoriei Bălţi',6,'2015-06-04','DPO1599/2015','DPO','1599',7,92,'1:2:3','2018-01-08 09:49:51'),(359104,'privind numirea domnului Andrian CIOBANU în funcţia de judecător la Judecătoria Glodeni',6,'2015-06-04','DPO1600/2015','DPO','1600',7,92,'1:2:3','2018-01-08 09:49:51'),(359106,'privind numirea doamnei Aurelia ANDRONACHE în funcţia de judecător la Judecătoria Briceni',6,'2015-06-04','DPO1602/2015','DPO','1602',7,92,'1:2:3','2018-01-08 09:49:51'),(359108,'privind numirea domnului Ciprian VALAH în funcţia de judecător la Judecătoria Buiucani, municipiul Chişinău',6,'2015-06-04','DPO1604/2015','DPO','1604',7,92,'1:2:3','2018-01-08 09:49:51'),(359109,'privind numirea doamnei Lilia ROIC-BOTEZATU în funcţia de judecător la Judecătoria Hînceşti',6,'2015-06-04','DPO1605/2015','DPO','1605',7,92,'1:2:3','2018-01-08 09:49:51'),(360728,'cu privire la atribuirea unui mandat de consilier în Consiliul sătesc Gura Bîcului, raionul Anenii Noi',14,'2015-07-21','HCEC3588/2015','HCEC','3588',2,108,'1:2:3','2018-01-08 21:36:37'),(362380,'cu privire la atribuirea unui mandat de consilier în Consiliul sătesc Obileni, raionul Hîncești',14,'2015-10-13','HCEC4206/2015','HCEC','4206',2,130,'','2018-01-08 21:33:24'),(362381,'cu privire la atribuirea unor mandate de consilier în Consiliul sătesc Sîrma, raionul Leova',14,'2015-10-13','HCEC4207/2015','HCEC','4207',2,130,'','2018-01-08 21:33:24'),(362382,'cu privire la atribuirea unui mandat de consilier în Consiliul raional Ocnița',14,'2015-10-13','HCEC4208/2015','HCEC','4208',2,130,'','2018-01-08 21:33:24'),(362383,'cu privire la atribuirea unui mandat de consilier în Consiliul raional Orhei',14,'2015-10-13','HCEC4209/2015','HCEC','4209',2,130,'','2018-01-08 21:33:24'),(362384,'cu privire la atribuirea unui mandat de consilier în Consiliul orășenesc Orhei, raionul Orhei',14,'2015-10-13','HCEC4210/2015','HCEC','4210',2,130,'','2018-01-08 21:33:24'),(362385,'cu privire la atribuirea unui mandat de consilier în Consiliul comunal Donici, raionul Orhei',14,'2015-10-13','HCEC4211/2015','HCEC','4211',2,130,'','2018-01-08 21:33:24'),(362386,'cu privire la atribuirea unui mandat de consilier în Consiliul sătesc Gordinești, raionul Rezina',14,'2015-10-13','HCEC4212/2015','HCEC','4212',2,130,'','2018-01-08 21:33:24'),(362387,'cu privire la atribuirea unui mandat de consilier în Consiliul comunal Solonceni, raionul Rezina',14,'2015-10-13','HCEC4213/2015','HCEC','4213',2,130,'','2018-01-08 21:33:24'),(362389,'cu privire la atribuirea unor mandate de consilier în Consiliul raional Sîngerei',14,'2015-10-13','HCEC4215/2015','HCEC','4215',2,130,'','2018-01-08 21:33:24'),(362650,'cu privire la aprobarea modificărilor și completărilor ce se operează în Hotărîrea Guvernului nr.246 din 8 aprilie 2010',1,'2015-12-30','HGC899/2015','HGC','899',2,133,'1:2:3','2018-01-08 21:36:11'),(362651,'privind Clasificaţia bugetară',12,'2015-12-24','OMFM208/2015','OMFM','208',6,133,'1:2:3','2018-01-08 21:36:11'),(362652,'cu privire la aprobarea Setului metodologic privind elaborarea, aprobarea și modificarea bugetului',12,'2015-12-24','OMFM209/2015','OMFM','209',6,133,'1:2:3','2018-01-08 21:36:11'),(362653,'privind completarea Ordinului ministrului finanţelor nr.180 din 12 octombrie 2015 „Cu privire la modul de achitare şi evidenţă a plăţilor la bugetul public naţional prin sistemul trezorerial al Ministerului Finanţelor în anul 2016”',12,'2015-12-28','OMFC214/2015','OMFC','214',6,133,'1:2:3','2018-01-08 21:36:11'),(362654,'cu privire la aprobarea Regulamentului cu privire la procedura şi condiţiile de eliberare a licenţelor de emisie şi a autorizaţiilor de retransmisie pentru utilizarea capacităţii multiplexurilor digitale terestre',3,'2015-12-23','DCCA43/213/2015','DCCA','43/213',4,133,'1:2:3','2018-01-08 21:36:11'),(362655,'cu privire la modul de achitare şi evidenţă a plăţilor la bugetul public naţional prin sistemul trezorerial al Ministerului Finanţelor în anul 2016',12,'2015-10-12','*OMFC180/2015','OMFC','180',6,127,'1:2:3','2018-01-08 21:36:11'),(362656,'cu privire la aprobarea Normelor metodologice privind executarea de casă a bugetelor componente ale bugetului public naţional prin sistemul trezorerial al Ministerului Finanțelor',12,'2015-12-28','OMFM215/2015','OMFM','215',6,134,'1:2:3','2018-01-08 21:36:11'),(362658,'pentru modificarea şi completarea unor acte legislative',4,'2015-04-09','*LPM36/2015','LPM','36',5,82,'1:2:3','2018-01-08 21:36:11'),(362659,'pentru modificarea şi completarea Codului audiovizualului al Republicii Moldova nr. 260-XVI din 27 iulie 2006',4,'2015-07-31','*LPC167/2015','LPC','167',5,112,'1:2:3','2018-01-08 21:36:11'),(364710,'cu privire la atribuirea unui mandat de consilier în Consiliul comunal Pănășești, raionul Strășeni',14,'2016-03-31','HCEC4636/2016','HCEC','4636',2,157,'1:2:3','2018-01-08 21:36:40'),(364711,'cu privire la atribuirea unui mandat de consilier în Consiliul sătesc Vorniceni, raionul Strășeni',14,'2016-03-31','HCEC4637/2016','HCEC','4637',2,157,'','2018-01-08 21:36:40'),(364712,'cu privire la atribuirea unui mandat de consilier în Consiliul comunal Climăuții de Jos, raionul Șoldănești',14,'2016-03-31','HCEC4638/2016','HCEC','4638',2,157,'','2018-01-08 21:36:40'),(364713,'cu privire la atribuirea unui mandat de consilier în Consiliul raional Ștefan-Vodă',14,'2016-03-31','HCEC4639/2016','HCEC','4639',2,157,'','2018-01-08 21:36:40'),(364714,'cu privire la atribuirea unor mandate de consilier în Consiliul sătesc Feștelița, raionul Ștefan-Vodă',14,'2016-03-31','HCEC4640/2016','HCEC','4640',2,157,'','2018-01-08 21:36:40'),(364715,'cu privire la atribuirea unui mandat de consilier în Consiliul sătesc Olănești, raionul Ștefan-Vodă',14,'2016-03-31','HCEC4641/2016','HCEC','4641',2,157,'','2018-01-08 21:36:40'),(364716,'cu privire la atribuirea unui mandat de consilier în Consiliul comunal Albota de Sus, raionul Taraclia',14,'2016-03-31','HCEC4642/2016','HCEC','4642',2,157,'','2018-01-08 21:36:40'),(364717,'cu privire la atribuirea unui mandat de consilier în Consiliul comunal Negurenii Vechi, raionul Ungheni',14,'2016-03-31','HCEC4643/2016','HCEC','4643',2,157,'','2018-01-08 21:36:40'),(364718,'cu privire la atribuirea unui mandat de consilier în Consiliul municipal Comrat, UTA Găgăuzia',14,'2016-03-31','HCEC4644/2016','HCEC','4644',2,157,'','2018-01-08 21:36:40'),(364719,'cu privire la atribuirea unui mandat de consilier în Consiliul sătesc Copceac, UTA Găgăuzia',14,'2016-03-31','HCEC4645/2016','HCEC','4645',2,157,'','2018-01-08 21:36:40'),(367150,'cu privire la acordarea de împuterniciri',1,'2016-10-17','HGC1148/2016','HGC','1148',2,194,'','2018-01-08 21:36:08'),(367151,'cu privire la acordarea de împuterniciri',1,'2016-10-17','HGO1149/2016','HGO','1149',2,194,'','2018-01-08 21:36:09'),(367152,'cu privire la acordarea de împuterniciri',1,'2016-10-17','HGO1150/2016','HGO','1150',2,194,'1:2:3','2018-01-08 21:36:08'),(367153,'pentru modificarea Regulamentului privind rambursarea sumei contribuţiilor individuale de asigurări sociale de stat obligatorii virate în plus la bugetul asigurărilor sociale de stat',1,'2016-10-17','HGC1151/2016','HGC','1151',2,194,'','2018-01-08 21:36:08'),(367154,'pentru aprobarea Regulamentului privind rambursarea sumei contribuţiilor individuale de asigurări sociale de stat obligatorii virate în plus la bugetul asigurărilor sociale de stat',1,'2009-04-07','*HGO267/2009','HGO','267',2,1510,'1:2:3','2018-01-08 21:33:24'),(367155,'cu privire la modificarea anexei nr.3 la Hotărîrea Guvernului nr.793 din 2 decembrie 2009',1,'2016-10-17','HGC1152/2016','HGC','1152',2,194,'','2018-01-08 21:36:08'),(367156,'pentru aprobarea Avizului asupra proiectului legii integrităţii',1,'2016-10-17','HGO1153/2016','HGO','1153',2,194,'','2018-01-08 21:33:24'),(367740,'cu privire la autorizarea reorganizării Societății pe acțiuni „FABRICA DE PRODUSE LACTATE DIN CĂLĂRAȘI”',2,'2016-11-18','HCNPF57/8/2016','HCNPF','57/8',2,201,'','2018-01-08 09:47:00'),(367982,'privind tarifele la energia termică livrată consumatorilor de către S.A. „Comgaz Plus”',22,'2016-12-09','HANRE317/2016','HANRE','317',2,206,'1:2:3','2018-01-08 21:39:26'),(370250,'cu privire la reperfectarea licenţei Companiei de Asigurări „GENERAL ASIGURĂRI” S.A.',2,'2017-05-05','HCNPF20/7/2017','HCNPF','20/7',2,1971,'1:2:3','2018-01-07 23:49:25'),(370251,'cu privire la reperfectarea licenţei Companiei de Asigurări „GENERAL ASIGURĂRI” S.A.',2,'2017-05-05','HCNPF20/8/2017','HCNPF','20/8',2,1971,'1:2:3','2018-01-07 23:49:21'),(370252,'cu privire la modificarea Hotărârii Comisiei Naționale a Pieței Financiare nr.40/4 din 05.08.2016 „Cu privire la aprobarea componenţei comisiilor de atestare a specialiştilor participanţilor profesionişti la piaţa financiară nebancară”',2,'2017-05-05','HCNPFC20/9/2017','HCNPFC','20/9',2,1971,'1:2:3','2018-01-07 23:49:36'),(370253,'cu privire la modificarea Hotărârii Comisiei Naționale a Pieței Financiare nr.63/8 din 16.12.2016 „Cu privire la aprobarea componenţei comisiei de atestare a specialiştilor participanţilor profesionişti în asigurări”',2,'2017-05-05','HCNPFC20/10/2017','HCNPFC','20/10',2,1971,'1:2:3','2018-01-07 23:49:29'),(370254,'cu privire la aprobarea prospectului ofertei de preluare benevolă a acţiunilor emise de Societatea pe acțiuni de deservire tehnică și metrologică a tehnicii medicale „MOLDTEHMED”',2,'2017-05-12','HCNPF21/1/2017','HCNPF','21/1',2,1971,'1:2:3','2018-01-07 23:47:58'),(370255,'cu privire la reperfectarea licenţei Companiei de Asigurări „ALLIANCE INSURANCE GROUP” S.A.',2,'2017-05-12','HCNPF21/2/2017','HCNPF','21/2',2,1971,'1:2:3','2018-01-07 23:47:49'),(370256,'cu privire la autorizarea reorganizării Societăţii pe acţiuni RESTAURANTUL ”BUTOIAȘ”',2,'2017-05-12','HCNPF21/3/2017','HCNPF','21/3',2,1971,'1:2:3','2018-01-07 23:49:15'),(370257,'cu privire la reperfectarea licenței de emisie',3,'2017-03-07','DCCA5/22/2017','DCCA','5/22',4,1971,'1:2:3','2018-01-07 23:48:04'),(370258,'cu privire la examinarea unor cereri de reperfectare a condițiilor la autorizațiile de retransmisie',3,'2017-03-24','DCCA6/35/2017','DCCA','6/35',4,1971,'1:2:3','2018-01-08 09:16:03'),(370259,'cu privire la modul de executare a prevederilor legislației în vigoare și a condițiilor la autorizațiile de retransmisie',3,'2017-03-24','DCCA6/37/2017','DCCA','6/37',4,1971,'1:2:3','2018-01-07 23:49:40'),(372076,'cu privire la modificarea formatului raportului privind performanța pe programe/subprograme',12,'2017-06-20','OMFC98/2017','OMFC','98',6,1979,'','2018-01-08 21:39:27'),(372078,'privind modificarea şi completarea Planului de conturi contabile în sistemul bugetar și a Normelor metodologice privind evidența contabilă și raportarea financiară în sistemul bugetar, aprobate prin Ordinul ministrului finanţelor nr.216 din 28 decembrie 2015',12,'2017-06-21','OMFC100/2017','OMFC','100',6,1979,'','2018-01-08 21:36:40'),(372441,'cu privire la numirea în funcţie a domnului Serghei BUCATARU',1,'2017-11-07','HGO927/2017','HGO','927',2,2002,'','2018-01-07 23:46:15'),(372448,'cu privire la numirea în funcţie a domnului Nicolae EŞANU',1,'2017-11-07','HGO934/2017','HGO','934',2,2002,'','2018-01-08 09:47:00'),(373361,'privind numirea în funcție a unui judecător',6,'2017-12-12','DPO479/2017','DPO','479',7,2012,'','2018-01-08 21:33:23'),(373362,'privind aprobarea semnării Acordului de împrumut dintre Republica Moldova şi Banca Europeană pentru Reconstrucție și Dezvoltare privind implementarea proiectului „Interconectarea rețelelor de energie electrică dintre Republica Moldova și România, Faza I”',6,'2017-12-15','DPO486/2017','DPO','486',7,2012,'','2018-01-08 21:33:23');
/*!40000 ALTER TABLE `doc` ENABLE KEYS */;
UNLOCK TABLES;

--
-- Table structure for table `oj`
--

DROP TABLE IF EXISTS `oj`;
/*!40101 SET @saved_cs_client     = @@character_set_client */;
/*!40101 SET character_set_client = utf8 */;
CREATE TABLE `oj` (
  `id` smallint(5) NOT NULL AUTO_INCREMENT,
  `no` varchar(45) NOT NULL COMMENT 'is not unique, restarts from 1 every year',
  `date` date NOT NULL COMMENT 'is not unique, on a single day more than one issue can be published',
  PRIMARY KEY (`id`),
  UNIQUE KEY `id_UNIQUE` (`id`),
  UNIQUE KEY `no_date_UNIQUE` (`no`,`date`)
) ENGINE=InnoDB AUTO_INCREMENT=4074 DEFAULT CHARSET=latin1;
/*!40101 SET character_set_client = @saved_cs_client */;

--
-- Dumping data for table `oj`
--

LOCK TABLES `oj` WRITE;
/*!40000 ALTER TABLE `oj` DISABLE KEYS */;
INSERT INTO `oj` VALUES (3037,'000','1990-07-20'),(3038,'000','1991-12-30'),(3067,'000','1993-02-12'),(3055,'000','1993-05-11'),(3036,'000','1993-12-08'),(3039,'000','1994-04-26'),(3064,'1','1990-06-05'),(3050,'1','1999-01-07'),(1575,'1','2010-01-12'),(135,'1','2016-01-06'),(212,'1','2017-01-02'),(65,'1-10','2015-01-16'),(1132,'1-2','2003-01-15'),(1325,'1-2','2007-01-05'),(1483,'1-2','2009-01-13'),(1245,'1-3','2002-01-04'),(1918,'1-3','2014-01-03'),(1015,'1-4','2005-01-07'),(1039,'1-4','2006-01-06'),(1379,'1-4','2008-01-01'),(1676,'1-4','2011-01-07'),(1063,'1-5','2004-01-01'),(1829,'1-5','2013-01-04'),(1748,'1-6','2012-01-06'),(1128,'10','2003-01-28'),(1486,'10-11','2009-01-23'),(1328,'10-13','2007-01-26'),(1831,'10-14','2013-01-18'),(1231,'100-101','2002-07-11'),(1624,'100-102','2010-06-18'),(1074,'100-103','2004-06-25'),(154,'100-105','2016-04-15'),(1524,'101','2009-06-10'),(1324,'101-103','2005-07-29'),(1232,'102','2002-07-16'),(1423,'102','2008-06-10'),(1525,'102','2009-06-12'),(1711,'102','2011-06-18'),(85,'102-104','2015-04-28'),(1217,'102-105','2006-07-07'),(1526,'103','2009-06-17'),(1780,'103','2012-05-29'),(1948,'103','2014-04-30'),(1625,'103-104','2010-06-22'),(1233,'103-105','2002-07-18'),(1424,'103-105','2008-06-13'),(1354,'103-106','2007-07-20'),(1712,'103-106','2011-06-24'),(1962,'103-108','2017-03-31'),(1075,'104','2004-06-29'),(1527,'104','2009-06-19'),(1022,'104-106','2005-08-05'),(1781,'104-108','2012-06-01'),(1855,'104-108','2013-05-10'),(1949,'104-109','2014-05-06'),(1735,'104-110','2003-06-07'),(1528,'105','2009-06-23'),(1626,'105-106','2010-06-25'),(1907,'105-107','2004-07-02'),(86,'105-109','2015-05-01'),(1425,'106','2008-06-17'),(1529,'106','2009-06-26'),(3071,'106-108','1999-09-30'),(1904,'106-109','2002-07-25'),(1218,'106-111','2006-07-14'),(155,'106-116','2016-04-22'),(1627,'107','2010-06-26'),(1023,'107-109','2005-08-12'),(1426,'107-109','2008-06-20'),(1530,'107-109','2009-07-03'),(1713,'107-109','2011-07-01'),(1355,'107-111','2007-07-27'),(3051,'108','1998-12-03'),(1628,'108-109','2010-06-29'),(1908,'108-111','2004-07-09'),(1856,'109','2013-05-10'),(1782,'109-112','2012-06-05'),(1963,'109-118','2017-04-07'),(3021,'11','1992-11-30'),(1235,'11-12','2002-01-17'),(1382,'11-12','2008-01-18'),(1579,'11-12','2010-01-26'),(3029,'11-13','2001-02-01'),(1130,'11-13','2003-01-31'),(66,'11-21','2015-01-23'),(1427,'110-111','2008-06-24'),(1531,'110-111','2009-07-10'),(1234,'110-112','2002-08-01'),(1024,'110-112','2005-08-19'),(1714,'110-112','2011-07-08'),(1629,'110-113','2010-07-02'),(1857,'110-113','2013-05-17'),(1950,'110-114','2014-05-09'),(87,'110-114','2015-05-08'),(3058,'111','1998-12-17'),(1129,'111-115','2003-06-12'),(3017,'112','1999-10-14'),(1428,'112-114','2008-06-27'),(1532,'112-114','2009-07-17'),(1219,'112-115','2006-07-21'),(1356,'112-116','2007-08-03'),(1076,'112-118','2004-07-16'),(1715,'113','2011-07-12'),(1236,'113-114','2002-08-05'),(1025,'113-116','2005-08-26'),(1783,'113-118','2012-06-08'),(3048,'114','1998-12-24'),(1858,'114','2013-05-17'),(1630,'114-116','2010-07-06'),(1716,'114-116','2011-07-15'),(156,'114-122','2016-04-29'),(1859,'115','2013-05-21'),(1237,'115-116','2002-08-08'),(1429,'115-116','2008-07-01'),(1533,'115-117','2009-07-24'),(1951,'115-119','2014-05-16'),(88,'115-123','2015-05-15'),(1860,'116-118','2013-05-24'),(1220,'116-119','2006-07-28'),(1131,'116-120','2003-06-13'),(1717,'117','2011-07-19'),(1036,'117-118','2005-09-02'),(1631,'117-118','2010-07-09'),(1238,'117-119','2002-08-15'),(1430,'117-119','2008-07-04'),(1357,'117-126','2007-08-10'),(1534,'118-120','2009-07-31'),(1718,'118-121','2011-07-22'),(1784,'119','2012-06-08'),(1632,'119-120','2010-07-13'),(1861,'119-121','2013-05-31'),(1077,'119-122','2004-07-23'),(1037,'119-122','2005-09-09'),(1964,'119-126','2017-04-14'),(3034,'12','1989-12-04'),(3072,'12','1992-12-30'),(3069,'12','1995-02-24'),(1487,'12-15','2009-01-27'),(1239,'120','2002-08-16'),(1431,'120-121','2008-07-08'),(1221,'120-123','2006-08-04'),(1785,'120-125','2012-06-15'),(1952,'120-126','2014-05-23'),(1240,'121','2002-08-22'),(1133,'121','2003-06-17'),(1535,'121-123','2009-08-07'),(1633,'121-123','2010-07-16'),(1134,'122','2003-06-17'),(1241,'122-123','2002-08-29'),(1432,'122-124','2008-07-11'),(1862,'122-124','2013-06-07'),(1719,'122-127','2011-07-29'),(1078,'123-124','2004-07-27'),(1135,'123-125','2003-06-20'),(1008,'123-125','2005-09-16'),(157,'123-127','2016-05-06'),(1242,'124-125','2002-09-05'),(1222,'124-125','2006-08-08'),(1634,'124-125','2010-07-20'),(1536,'124-126','2009-08-14'),(89,'124-130','2015-05-22'),(1433,'125-126','2008-07-15'),(1079,'125-129','2004-07-30'),(1863,'125-129','2013-06-14'),(1243,'126-127','2002-12-09'),(1009,'126-128','2005-09-23'),(1635,'126-128','2010-07-23'),(1786,'126-129','2012-06-22'),(1223,'126-130','2006-08-11'),(1136,'126-131','2003-06-27'),(1965,'127','2017-04-20'),(1358,'127-130','2007-08-17'),(1434,'127-130','2008-07-18'),(1537,'127-130','2009-08-21'),(1953,'127-133','2014-05-23'),(1244,'128-129','2002-09-13'),(1720,'128-130','2011-08-05'),(1966,'128-132','2017-04-21'),(158,'128-133','2016-05-13'),(3018,'129','2001-10-23'),(1636,'129-130','2010-08-28'),(1010,'129-131','2005-09-30'),(3047,'13','1995-03-02'),(1383,'13','2008-01-19'),(1580,'13-14','2010-01-29'),(1750,'13-14','2012-01-13'),(1247,'13-15','2002-01-24'),(1065,'13-15','2004-01-16'),(1042,'13-15','2006-01-24'),(1017,'13-16','2005-01-21'),(137,'13-19','2016-01-22'),(3041,'130','1999-11-25'),(1246,'130','2002-09-19'),(1080,'130','2004-07-30'),(1787,'130','2012-06-26'),(1864,'130-134','2013-06-21'),(3019,'131','2001-10-31'),(1081,'131','2004-07-31'),(1905,'131-133','2002-09-26'),(1224,'131-133','2006-08-18'),(1435,'131-133','2008-07-22'),(1721,'131-133','2011-08-12'),(1538,'131-134','2009-08-28'),(1637,'131-134','2010-02-09'),(1788,'131-134','2012-06-29'),(1359,'131-135','2007-08-24'),(90,'131-138','2015-05-29'),(1137,'132-133','2003-01-07'),(1011,'132-134','2005-10-07'),(1082,'132-137','2004-06-08'),(1967,'133','2017-04-25'),(1923,'134','2002-09-27'),(1138,'134','2003-07-01'),(1722,'134','2011-08-16'),(1225,'134-137','2006-08-25'),(1436,'134-137','2008-07-25'),(159,'134-139','2016-05-20'),(22,'134-141','2014-05-30'),(1968,'134-143','2017-04-28'),(1539,'135','2009-09-03'),(1865,'135','2013-06-25'),(1924,'135-136','2002-10-03'),(1139,'135-137','2003-07-04'),(1638,'135-137','2010-08-03'),(1001,'135-138','2005-10-14'),(1723,'135-138','2011-08-19'),(1789,'135-141','2012-07-06'),(1540,'136-137','2009-09-04'),(1866,'136-139','2013-06-28'),(1360,'136-140','2007-08-31'),(1925,'137-138','2002-10-10'),(1437,'138-139','2008-07-29'),(1541,'138-139','2009-09-08'),(1140,'138-140','2003-07-08'),(1639,'138-140','2010-08-06'),(1226,'138-141','2006-09-01'),(1083,'138-146','2004-08-13'),(1926,'139-141','2002-10-15'),(1002,'139-141','2005-10-21'),(91,'139-143','2015-06-05'),(1724,'139-145','2011-08-26'),(1384,'14-15','2008-01-22'),(1929,'14-16','2014-01-21'),(1142,'14-17','2003-02-07'),(1329,'14-17','2007-02-02'),(1867,'140','2013-06-28'),(1542,'140-141','2009-09-11'),(1438,'140-142','2008-08-01'),(160,'140-149','2016-05-27'),(1640,'141-144','2010-08-10'),(1868,'141-144','2013-07-05'),(1141,'141-145','2003-07-11'),(1361,'141-145','2007-09-07'),(1543,'142','2009-09-14'),(1790,'142','2012-07-10'),(1927,'142-143','2002-10-17'),(1003,'142-144','2005-10-28'),(1227,'142-145','2006-09-09'),(13,'142-146','2014-06-03'),(1544,'143','2009-09-16'),(1439,'143-144','2008-08-05'),(1791,'143-148','2012-07-13'),(1928,'144-145','2002-10-24'),(1545,'144-147','2009-09-18'),(1969,'144-148','2017-05-05'),(92,'144-149','2015-06-12'),(1869,'145','2013-07-09'),(1004,'145-147','2005-11-04'),(1641,'145-147','2010-08-13'),(1440,'145-151','2008-08-08'),(1725,'146','2011-08-28'),(1143,'146-147','2003-07-15'),(1249,'146-148','2002-10-31'),(1362,'146-148','2007-09-14'),(1228,'146-149','2006-09-15'),(1870,'146-151','2013-07-12'),(1726,'147','2011-09-06'),(1610,'147-149','2004-08-17'),(15,'147-151','2014-06-06'),(1144,'148','2003-07-15'),(1546,'148','2009-09-18'),(1642,'148-149','2010-08-17'),(1727,'148-151','2011-09-09'),(1547,'149','2009-09-22'),(1250,'149-150','2002-11-07'),(1145,'149-152','2003-07-18'),(1363,'149-152','2007-09-21'),(1792,'149-154','2012-07-20'),(1970,'149-154','2017-05-12'),(1678,'15','2011-01-14'),(1751,'15','2012-01-17'),(1581,'15-17','2010-02-02'),(1832,'15-17','2013-01-22'),(1548,'150','2009-09-25'),(161,'150','2016-05-31'),(1911,'150-152','2006-10-22'),(1643,'150-152','2010-08-20'),(1101,'150-155','2004-08-20'),(93,'150-159','2015-06-19'),(1549,'151','2009-09-29'),(1251,'151-153','2002-11-14'),(1005,'151-153','2005-11-11'),(162,'151-155','2016-06-03'),(3042,'152','2000-12-07'),(1550,'152','2009-10-02'),(17,'152','2014-06-10'),(3065,'152-153','2000-12-07'),(1441,'152-153','2008-08-12'),(1728,'152-155','2011-09-16'),(1871,'152-158','2013-07-19'),(1146,'153-154','2003-07-22'),(1551,'153-154','2009-10-09'),(1644,'153-154','2010-08-24'),(1229,'153-156','2006-09-29'),(1364,'153-156','2007-09-28'),(19,'153-159','2014-06-13'),(3031,'154-154','2000-12-14'),(1006,'154-156','2005-11-18'),(1442,'154-156','2008-08-15'),(1252,'154-157','2002-11-21'),(1552,'155','2009-10-13'),(1147,'155-158','2003-07-25'),(1645,'155-158','2010-09-03'),(1793,'155-159','2012-07-27'),(1971,'155-161','2017-05-19'),(1553,'156','2009-10-16'),(163,'156','2016-06-07'),(1729,'156-159','2011-09-23'),(1102,'156-162','2004-08-27'),(1307,'157','2006-10-02'),(1554,'157','2009-10-22'),(1443,'157-159','2008-08-19'),(1007,'157-160','2005-11-25'),(1365,'157-160','2007-10-05'),(164,'157-162','2016-06-10'),(1253,'158','2002-11-28'),(1555,'158','2009-10-30'),(1308,'158-160','2006-10-06'),(1556,'159','2009-11-03'),(1647,'159','2010-09-04'),(1254,'159-160','2002-11-29'),(1872,'159-160','2013-07-23'),(1148,'159-162','2003-07-29'),(1255,'16','2002-01-29'),(1385,'16-17','2008-01-25'),(1679,'16-17','2011-01-21'),(1066,'16-18','2004-01-23'),(1488,'16-18','2009-01-30'),(1752,'16-18','2012-01-20'),(1043,'16-19','2006-01-27'),(94,'160','2015-06-19'),(1444,'160-161','2008-08-22'),(1557,'160-161','2009-11-06'),(1646,'160-162','2010-09-07'),(1730,'160-163','2011-09-30'),(1794,'160-164','2012-08-03'),(20,'160-166','2014-06-20'),(3063,'161','2001-12-31'),(1256,'161','2002-12-03'),(1309,'161','2006-10-06'),(1012,'161-163','2005-12-02'),(1366,'161-164','2007-10-12'),(95,'161-165','2015-06-26'),(1873,'161-166','2013-07-26'),(1558,'162','2009-11-10'),(1310,'162-163','2006-10-13'),(1445,'162-163','2008-08-29'),(1257,'162-165','2002-12-06'),(1972,'162-170','2017-05-26'),(1559,'163-164','2009-11-13'),(1648,'163-165','2010-09-10'),(1149,'163-166','2003-08-01'),(1103,'163-167','2004-09-03'),(165,'163-168','2016-06-17'),(1731,'164-165','2011-10-04'),(1013,'164-167','2005-12-09'),(1311,'164-167','2006-10-20'),(1560,'165','2009-11-17'),(1795,'165','2012-08-07'),(1446,'165-166','2008-09-02'),(1367,'165-167','2007-10-19'),(3028,'166','2000-12-31'),(1258,'166-168','2002-12-10'),(1561,'166-168','2009-11-20'),(1649,'166-168','2010-09-14'),(1732,'166-169','2011-10-07'),(1796,'166-169','2012-08-10'),(1797,'166-169a','2012-08-16'),(96,'166-176','2015-07-03'),(1449,'167-168','2008-09-05'),(21,'167-168','2014-06-24'),(1874,'167-172','2013-08-02'),(1312,'168-169','2006-10-27'),(1104,'168-170','2004-09-10'),(1368,'168-170','2007-10-26'),(1014,'168-171','2005-12-16'),(1259,'169','2002-12-12'),(1450,'169-170','2008-09-09'),(1562,'169-170','2009-11-24'),(1650,'169-171','2010-09-17'),(18,'169-173','2014-06-27'),(166,'169-183','2016-06-24'),(1261,'17-19','2002-01-31'),(1046,'17-19','2005-01-28'),(1930,'17-23','2014-01-24'),(1260,'170-172','2002-12-13'),(1150,'170-172','2003-08-08'),(1313,'170-173','2006-11-03'),(1798,'170-174','2012-08-17'),(1733,'170-175','2011-10-14'),(1563,'171-172','2009-11-27'),(1451,'171-173','2008-09-12'),(1105,'171-174','2004-09-17'),(1369,'171-174','2007-11-02'),(1973,'171-180','2017-06-02'),(1262,'173','2002-12-17'),(1564,'173','2009-12-01'),(1151,'173-176','2003-08-12'),(1875,'173-176','2013-08-09'),(1452,'174','2008-09-16'),(1263,'174-176','2002-12-20'),(1565,'174-176','2009-12-04'),(1314,'174-177','2006-11-10'),(23,'174-177','2014-07-04'),(1453,'175-176','2008-09-19'),(1799,'175-176','2012-08-21'),(1800,'175-176a','2012-08-23'),(1106,'175-177','2004-09-24'),(1370,'175-177','2007-11-09'),(1020,'176-181','2005-12-30'),(1734,'176-181','2011-10-21'),(1264,'177','2002-12-24'),(1454,'177','2008-09-23'),(1566,'177-179','2009-12-05'),(1801,'177-180','2012-08-24'),(1152,'177-181','2003-08-15'),(1876,'177-181','2013-08-16'),(97,'177-184','2015-07-10'),(1455,'178','2008-09-26'),(1371,'178-179','2007-11-16'),(1107,'178-180','2004-10-01'),(1315,'178-180','2006-11-17'),(1265,'178-181','2002-12-27'),(24,'178-184','2014-07-11'),(1456,'179','2008-09-30'),(1651,'179-181','2010-09-24'),(3026,'18','1997-03-20'),(1153,'18-19','2003-02-08'),(1582,'18-19','2010-02-05'),(1330,'18-20','2007-02-09'),(1386,'18-20','2008-01-29'),(1680,'18-21','2011-01-28'),(1833,'18-21','2013-01-25'),(1681,'18-21a','2011-02-03'),(1567,'180','2009-12-08'),(1457,'180-181','2008-10-03'),(1372,'180-183','2007-11-23'),(1108,'181','2004-10-02'),(1317,'181-183','2006-11-24'),(1568,'181-183','2009-12-11'),(1802,'181-184','2012-08-31'),(1974,'181-189','2017-06-09'),(1021,'182','2005-12-31'),(1458,'182','2008-10-07'),(1266,'182-184','2002-12-30'),(1154,'182-185','2003-08-19'),(1109,'182-185','2004-10-08'),(1877,'182-185','2013-08-23'),(1736,'182-186','2011-10-28'),(1652,'182-189','2010-09-28'),(1459,'183-185','2008-10-10'),(1318,'184-185','2006-12-01'),(1569,'184-186','2009-12-15'),(1373,'184-187','2007-11-30'),(167,'184-192','2016-07-01'),(1803,'185','2012-08-31'),(1267,'185-189','2002-12-31'),(98,'185-189','2015-07-17'),(25,'185-199','2014-07-18'),(1460,'186','2008-10-14'),(1878,'186','2013-08-24'),(1155,'186-188','2003-08-22'),(1110,'186-188','2004-10-15'),(1319,'186-188','2006-12-08'),(1804,'186-189','2012-09-07'),(1461,'187-188','2008-10-17'),(1570,'187-188','2009-12-18'),(1879,'187-190','2013-08-30'),(1737,'187-191','2011-11-04'),(1374,'188-191','2007-12-07'),(1462,'189','2008-10-21'),(1156,'189-190','2003-08-29'),(1571,'189-190','2009-12-22'),(1112,'189-192','2004-10-22'),(1320,'189-192','2006-12-15'),(1753,'19-20','2012-01-25'),(1067,'19-21','2004-01-30'),(1489,'19-21','2009-02-03'),(215,'19-23','2017-01-20'),(1653,'190','2010-09-29'),(1463,'190-192','2008-10-24'),(1805,'190-192','2012-09-14'),(99,'190-196','2015-07-24'),(1268,'190-197','2002-12-31'),(1975,'190-200','2017-06-16'),(1572,'191-192','2009-12-25'),(1654,'191-193','2010-10-01'),(1157,'191-195','2003-09-05'),(1880,'191-197','2013-09-06'),(1375,'192-193','2007-12-13'),(1738,'192-196','2011-11-11'),(1321,'193-194','2006-12-16'),(1464,'193-194','2008-10-28'),(1573,'193-196','2009-12-29'),(1806,'193-197','2012-09-14'),(1113,'193-198','2004-10-29'),(168,'193-203','2016-07-08'),(1655,'194-196','2010-10-05'),(1376,'194-197','2007-12-14'),(1465,'195-196','2008-10-31'),(1322,'195-198','2006-12-22'),(1158,'196-199','2003-09-12'),(1466,'197','2008-11-04'),(1656,'197-199','2010-10-08'),(1574,'197-200','2009-12-31'),(1739,'197-202','2011-11-18'),(100,'197-205','2015-07-31'),(1467,'198-200','2008-11-07'),(1377,'198-202','2007-12-21'),(1807,'198-204','2012-09-21'),(1881,'198-204','2013-09-13'),(1910,'199-202','2006-12-29'),(1114,'199-204','2004-11-05'),(3056,'2','1990-02-28'),(136,'2-12','2016-01-15'),(1576,'2-4','2010-01-15'),(213,'2-8','2017-01-06'),(1044,'20','2006-01-31'),(1160,'20-22','2003-02-14'),(1583,'20-22','2010-02-09'),(1047,'20-23','2005-02-04'),(139,'20-24','2016-01-29'),(1657,'200-201','2010-10-12'),(1159,'200-203','2003-09-19'),(26,'200-205','2014-07-21'),(1468,'201-203','2008-11-11'),(1658,'201-205','2010-10-15'),(1976,'201-213','2017-06-23'),(1740,'203-205','2011-11-25'),(1323,'203-206','2006-12-31'),(1378,'203-206','2007-12-28'),(1469,'204-205','2008-11-14'),(169,'204-205','2016-07-12'),(1161,'204-207','2003-09-26'),(1882,'205','2013-09-17'),(1115,'205-207','2004-11-12'),(1808,'205-207','2012-09-28'),(1470,'206-207','2008-11-18'),(27,'206-208','2014-07-21'),(1659,'206-209','2010-10-22'),(101,'206-210','2015-08-07'),(1883,'206-211','2013-09-20'),(170,'206-214','2016-07-15'),(1741,'206-215','2011-12-02'),(1809,'208','2012-10-01'),(1471,'208-209','2008-11-21'),(1162,'208-210','2003-10-03'),(1116,'208-211','2004-11-19'),(1810,'209-211','2012-10-05'),(28,'209-216','2014-07-25'),(1269,'21-22','2002-02-05'),(1122,'21-24','2006-02-03'),(1331,'21-24','2007-02-16'),(1387,'21-24','2008-02-01'),(1754,'21-24','2012-01-27'),(1472,'210','2008-11-25'),(1660,'210','2010-10-26'),(1473,'211-212','2008-11-28'),(1661,'211-212','2010-10-29'),(102,'211-212','2015-08-11'),(1163,'211-214','2003-10-10'),(1884,'212','2013-09-24'),(1811,'212-215','2012-10-12'),(1117,'212-217','2004-11-26'),(1662,'213','2010-10-29'),(1474,'213-214','2008-12-02'),(1885,'213-215','2013-09-27'),(103,'213-222','2015-08-14'),(1977,'214-215','2017-06-23'),(1663,'214-220','2010-11-05'),(171,'215-216','2016-07-19'),(1164,'215-217','2003-10-17'),(1475,'215-217','2008-12-05'),(1812,'216-220','2012-10-19'),(1886,'216-220','2013-10-04'),(1742,'216-221','2011-12-09'),(1978,'216-228','2017-06-30'),(30,'217-222','2014-08-01'),(172,'217-229','2016-07-22'),(1165,'218-220','2003-10-24'),(1476,'218-220','2008-12-09'),(1909,'218-223','2004-12-03'),(3025,'22','1995-04-20'),(1497,'22','2009-02-03'),(1682,'22-24','2011-02-04'),(1068,'22-25','2004-02-06'),(1834,'22-25','2013-02-01'),(67,'22-28','2015-01-30'),(1813,'221','2012-10-23'),(1887,'221','2013-10-07'),(1166,'221-222','2003-10-31'),(1477,'221-222','2008-12-12'),(1664,'221-222','2010-11-09'),(1743,'222-226','2011-12-16'),(1814,'222-227','2012-10-26'),(1888,'222-227','2013-10-11'),(104,'223','2015-08-14'),(1167,'223-225','2003-11-07'),(1478,'223-225','2008-12-16'),(1665,'223-225','2010-11-12'),(31,'223-230','2014-08-08'),(1921,'224-225','2004-12-05'),(105,'224-233','2015-08-21'),(1666,'226','2010-11-12'),(1168,'226-228','2003-11-14'),(1479,'226-229','2008-12-19'),(1922,'226-232','2004-12-10'),(1667,'227-230','2010-11-19'),(1744,'227-232','2011-12-23'),(1815,'228','2012-10-31'),(1889,'228-232','2013-10-18'),(1169,'229-233','2003-11-21'),(1816,'229-233','2012-11-02'),(1979,'229-243','2017-07-07'),(1270,'23','2002-12-02'),(1170,'23-24','2003-02-18'),(1584,'23-24','2010-02-12'),(1490,'23-26','2009-02-06'),(173,'230-231','2016-07-26'),(1480,'230-232','2008-12-23'),(1668,'231-234','2010-11-26'),(32,'231-237','2014-08-08'),(174,'232-244','2016-07-29'),(1118,'233-236','2004-12-17'),(1481,'233-236','2008-12-26'),(1745,'233-236','2011-12-27'),(1890,'233-237','2013-10-22'),(1171,'234','2003-11-25'),(1817,'234-236','2012-11-09'),(106,'234-239','2015-08-25'),(1172,'235-238','2003-11-28'),(1669,'235-240','2010-12-03'),(1746,'237','2011-12-29'),(1119,'237-240','2004-12-24'),(1482,'237-240','2008-12-31'),(1818,'237-241','2012-11-16'),(1747,'238-242','2011-12-30'),(1891,'238-242','2013-10-25'),(33,'238-246','2014-08-15'),(1173,'239-242','2003-12-05'),(1271,'24-25','2002-02-14'),(1048,'24-25','2005-02-11'),(1931,'24-26','2014-01-31'),(216,'24-29','2017-01-27'),(107,'240','2015-08-28'),(1120,'241','2004-12-27'),(1670,'241-246','2010-12-10'),(108,'241-246','2015-08-28'),(1819,'242-244','2012-11-23'),(1121,'242-245','2004-12-31'),(1892,'243-247','2013-11-01'),(1174,'244-227','2003-12-12'),(1980,'244-251','2017-07-14'),(175,'245-246','2016-07-30'),(1820,'245-247','2012-11-30'),(34,'247-248','2014-08-15'),(1671,'247-251','2010-12-17'),(109,'247-252','2015-09-04'),(176,'247-255','2016-08-05'),(1821,'248-251','2012-12-07'),(1893,'248-251','2013-11-05'),(1175,'248-253','2003-12-19'),(35,'249-255','2014-08-22'),(1176,'25-26','2003-02-21'),(1585,'25-26','2010-02-16'),(1062,'25-27','2006-02-10'),(1388,'25-27','2008-02-05'),(1683,'25-27','2011-02-11'),(1332,'25-28','2007-02-23'),(1755,'25-28','2012-02-03'),(140,'25-30','2016-02-05'),(1981,'252','2017-07-19'),(1672,'252-253','2010-12-21'),(1822,'252-253','2012-12-11'),(1894,'252-257','2013-11-08'),(110,'253','2015-09-04'),(1982,'253-264','2017-07-21'),(1673,'254-256','2010-12-24'),(112,'254-257','2015-09-11'),(1177,'254-261','2003-12-25'),(1823,'254-262','2012-12-14'),(36,'256-260','2014-08-29'),(177,'256-264','2016-08-12'),(1674,'257-258','2010-12-27'),(1895,'258-261','2013-11-15'),(113,'258-261','2015-09-18'),(1675,'259-269','2010-12-31'),(1272,'26','2002-02-14'),(1835,'26','2013-02-04'),(1061,'26-28','2005-02-18'),(1069,'26-29','2004-02-13'),(37,'261-267','2014-09-05'),(114,'262-266','2015-09-25'),(1896,'262-267','2013-11-22'),(1824,'263-269','2012-12-21'),(1983,'265-273','2017-07-28'),(178,'265-276','2016-08-19'),(115,'267-273','2015-10-02'),(38,'268-269','2014-09-09'),(1897,'268-275','2013-11-26'),(1273,'27-28','2002-02-21'),(1586,'27-28','2010-02-19'),(1178,'27-29','2003-02-28'),(1491,'27-29','2009-02-10'),(1836,'27-30','2013-02-08'),(1932,'27-34','2014-02-07'),(1825,'270-272','2012-12-25'),(1826,'270-272a','2012-12-27'),(39,'270-274','2014-09-12'),(1827,'273-279','2012-12-28'),(116,'274','2015-10-07'),(1984,'274-276','2017-07-28'),(117,'275-280','2015-10-09'),(40,'275-281','2014-09-19'),(1898,'276-280','2013-11-29'),(179,'277-287','2016-08-26'),(1985,'277-288','2017-08-04'),(1389,'28-29','2008-02-08'),(1071,'28-30','2006-02-17'),(1684,'28-30','2011-02-18'),(1828,'280','2012-12-31'),(1899,'281-283','2013-11-30'),(118,'281-290','2015-10-16'),(42,'281a','2014-09-25'),(43,'281b','2014-09-25'),(41,'282-289','2014-09-26'),(1900,'284-289','2013-12-06'),(180,'288-292','2016-09-02'),(1986,'289-300','2017-08-11'),(1060,'29','2005-02-18'),(1587,'29','2010-02-23'),(1756,'29','2012-02-03'),(1274,'29-31','2002-02-28'),(1333,'29-31','2007-03-02'),(68,'29-32','2015-02-06'),(3060,'29/49','1997-05-02'),(1901,'290','2013-12-10'),(44,'290-292','2014-09-30'),(119,'291-295','2015-10-23'),(1902,'291-296','2013-12-13'),(45,'293-296','2014-10-03'),(181,'293-305','2016-09-09'),(120,'296','2015-10-27'),(121,'297-300','2015-10-30'),(1903,'297-303','2013-12-20'),(46,'297-309','2014-10-10'),(3068,'3','1990-04-30'),(3059,'3','1994-11-24'),(3049,'3','1999-01-14'),(1180,'3-5','2003-01-21'),(1326,'3-5','2007-01-12'),(1484,'3-6','2009-01-16'),(1390,'30-31','2008-02-12'),(1588,'30-31','2010-02-26'),(1059,'30-33','2005-02-25'),(1492,'30-33','2009-02-13'),(1757,'30-33','2012-02-10'),(1179,'30-34','2003-03-04'),(1070,'30-34','2004-02-20'),(217,'30-39','2017-02-03'),(122,'301','2015-10-30'),(1987,'301-315','2017-08-18'),(123,'302-305','2015-11-06'),(1913,'304-310','2013-12-27'),(124,'306-310','2015-11-13'),(182,'306-313','2016-09-16'),(1685,'31','2011-02-22'),(141,'31','2016-02-09'),(1072,'31-34','2006-02-24'),(1837,'31-35','2013-02-15'),(47,'310-312','2014-10-10'),(1914,'311','2013-12-27'),(125,'311-316','2015-11-20'),(1915,'312-314','2013-12-31'),(48,'313-318','2014-10-17'),(183,'314','2016-09-20'),(1916,'315-319','2013-12-31'),(184,'315-328','2016-09-23'),(1988,'316-321','2017-08-25'),(126,'317-323','2015-11-27'),(49,'319-324','2014-10-24'),(1275,'32','2002-03-06'),(1589,'32','2010-03-02'),(1391,'32-33','2008-02-15'),(1686,'32-33','2011-02-25'),(1334,'32-35','2007-03-09'),(142,'32-37','2016-02-12'),(1917,'320-321','2013-12-31'),(1989,'322-328','2017-09-01'),(127,'324-329','2015-12-04'),(50,'325-332','2014-10-31'),(1990,'329','2017-09-06'),(185,'329-336','2016-09-27'),(1590,'33','2010-03-05'),(1276,'33-35','2002-03-07'),(69,'33-38','2015-02-13'),(128,'330-331','2015-12-08'),(1991,'330-334','2017-09-08'),(129,'332-339','2015-12-11'),(51,'333-338','2014-11-07'),(1992,'335-339','2017-09-15'),(186,'337','2016-09-27'),(187,'338-341','2016-09-30'),(52,'339','2014-11-08'),(1591,'34','2010-03-09'),(1392,'34-36','2008-02-19'),(1493,'34-36','2009-02-17'),(1687,'34-36','2011-03-04'),(1758,'34-37','2012-02-17'),(53,'340-343','2014-11-14'),(130,'340-346','2015-12-18'),(1993,'340-351','2017-09-22'),(188,'342','2016-10-04'),(189,'343-346','2016-10-04'),(54,'344','2014-11-15'),(55,'345-351','2014-11-21'),(190,'347-352','2016-10-07'),(131,'347-360','2015-12-25'),(1592,'35','2010-03-12'),(1181,'35-37','2003-03-07'),(1912,'35-38','2006-03-03'),(1933,'35-41','2014-02-14'),(1994,'352-355','2017-09-29'),(56,'352-357','2014-11-28'),(191,'353-354','2016-10-11'),(192,'355-359','2016-10-14'),(1995,'356-359','2017-10-06'),(57,'358-363','2014-12-04'),(1996,'359a','2017-10-11'),(1593,'36','2010-03-16'),(1277,'36-38','2002-03-14'),(1058,'36-38','2005-03-04'),(1335,'36-38','2007-03-16'),(1838,'36-40','2013-02-22'),(193,'360','2016-10-14'),(1997,'360-363','2017-10-13'),(194,'361-367','2016-10-21'),(132,'361-369','2015-12-31'),(58,'364-365','2014-12-09'),(1998,'364-370','2017-10-20'),(59,'366-371','2014-12-12'),(195,'368','2016-10-25'),(196,'369-378','2016-10-28'),(1594,'37-38','2010-03-19'),(1688,'37-38','2011-03-11'),(1393,'37-39','2008-02-22'),(1494,'37-40','2009-02-20'),(133,'370-376','2015-12-31'),(1999,'371-382','2017-10-27'),(60,'372-384','2014-12-19'),(134,'377-391','2015-12-31'),(197,'379-386','2016-11-04'),(1182,'38-39','2003-03-11'),(1759,'38-41','2012-02-24'),(143,'38-42','2016-02-19'),(2000,'383-388','2017-11-03'),(61,'385','2014-12-23'),(62,'386-396','2014-12-26'),(198,'387','2016-11-08'),(199,'388-398','2016-11-11'),(2001,'389','2017-11-03'),(3035,'39','1999-04-22'),(1278,'39','2002-03-16'),(1689,'39','2011-03-15'),(1595,'39-40','2010-03-23'),(1084,'39-41','2004-05-03'),(1057,'39-41','2005-03-11'),(1073,'39-42','2006-03-10'),(1336,'39-42','2007-03-23'),(70,'39-45','2015-02-20'),(2002,'390-395','2017-11-10'),(2003,'396','2017-11-13'),(2004,'397-398','2017-11-16'),(63,'397-399','2014-12-31'),(200,'399-404','2016-11-18'),(2005,'399-410','2017-11-17'),(3062,'4','1996-01-18'),(1279,'4','2002-01-05'),(1919,'4-8','2014-01-10'),(1394,'40-41','2008-02-26'),(1280,'40-42','2002-03-21'),(1690,'40-42','2011-03-18'),(218,'40-49','2017-02-10'),(64,'400-403','2014-12-31'),(201,'405-414','2016-11-25'),(1839,'41','2013-02-27'),(1596,'41-43','2010-03-26'),(1495,'41-44','2009-02-24'),(2006,'411-420','2017-11-24'),(202,'415','2016-11-29'),(203,'416-422','2016-12-02'),(1934,'42','2014-02-17'),(1085,'42-44','2004-03-12'),(1395,'42-44','2008-02-29'),(1056,'42-45','2005-03-21'),(1760,'42-45','2012-03-02'),(1840,'42-47','2013-03-01'),(2007,'421-427','2017-12-01'),(204,'423-429','2016-12-09'),(2008,'428','2017-12-01'),(2009,'429-433','2017-12-08'),(144,'43','2016-02-23'),(1281,'43-45','2002-03-28'),(1691,'43-45','2011-03-25'),(1123,'43-46','2006-03-17'),(1337,'43-46','2007-03-30'),(1935,'43-46','2014-02-21'),(205,'430-440','2016-12-16'),(2010,'434-439','2017-12-15'),(1597,'44-46','2010-03-30'),(145,'44-48','2016-02-26'),(2011,'440','2017-12-20'),(2012,'441-450','2017-12-22'),(206,'441-451','2016-12-16'),(1086,'45','2004-03-13'),(1396,'45-46','2008-03-04'),(1496,'45-46','2009-02-27'),(2013,'451-463','2017-12-29'),(207,'452','2016-12-22'),(208,'453-458','2016-12-23'),(209,'459-471','2016-12-23'),(1183,'46-47','2003-03-14'),(1761,'46-47','2012-03-07'),(1282,'46-48','2002-04-04'),(3020,'46-49','2000-04-27'),(1087,'46-49','2004-03-19'),(1055,'46-50','2005-03-25'),(71,'46-51','2015-02-27'),(1692,'46-52','2011-04-01'),(2014,'464-470','2017-12-29'),(1397,'47-48','2008-03-07'),(1499,'47-48','2009-03-03'),(1936,'47-48','2014-02-25'),(1338,'47-49','2007-04-06'),(1598,'47-49','2010-04-02'),(1100,'47-50','2006-03-24'),(2015,'471-472','2017-12-30'),(210,'472-477','2016-12-27'),(211,'478-490','2016-12-30'),(1184,'48','2003-03-18'),(1762,'48','2012-03-13'),(1841,'48','2013-03-05'),(1283,'49','2002-04-05'),(1185,'49','2003-03-19'),(1398,'49-50','2008-03-11'),(1498,'49-50','2009-03-06'),(1763,'49-52','2012-03-16'),(11,'49-52','2014-02-28'),(146,'49-54','2016-03-04'),(1842,'49-55','2013-03-08'),(3033,'5','1998-01-22'),(1016,'5-12','2005-01-14'),(1677,'5-14','2011-01-14'),(1380,'5-7','2008-01-11'),(1577,'5-7','2010-01-19'),(1289,'5-8','2002-01-10'),(1040,'5-8','2006-01-13'),(1339,'50','2007-04-07'),(1599,'50','2010-04-07'),(1284,'50-52','2002-04-11'),(1088,'50-52','2004-03-26'),(1186,'50-53','2003-03-21'),(1954,'50-59','2017-02-17'),(1600,'51','2010-04-09'),(1500,'51-52','2009-03-10'),(1340,'51-53','2007-04-13'),(1054,'51-54','2005-04-01'),(1124,'51-54','2006-03-31'),(1399,'51-54','2008-03-14'),(1601,'51-a','2010-04-13'),(1602,'52-53','2010-04-14'),(3061,'52-54','2001-05-17'),(72,'52-57','2015-03-06'),(1285,'53','2002-04-16'),(1693,'53','2011-04-04'),(1764,'53','2012-03-17'),(1501,'53-54','2009-03-13'),(1906,'53-55','2004-04-02'),(10,'53-59','2014-03-07'),(1187,'54','2003-03-21'),(1286,'54-55','2002-04-18'),(1603,'54-55','2010-04-16'),(1341,'54-56','2007-04-20'),(1694,'54-57','2011-04-08'),(1765,'54-59','2012-03-23'),(1188,'55','2003-03-25'),(3045,'55-56','2001-05-24'),(1400,'55-56','2008-03-18'),(1502,'55-56','2009-03-17'),(1053,'55-58','2005-04-08'),(1111,'55-58','2006-04-07'),(147,'55-58','2016-03-11'),(1287,'56','2002-04-23'),(1604,'56-57','2010-04-20'),(1189,'56-58','2003-03-28'),(1843,'56-59','2013-03-15'),(1089,'56-60','2004-09-04'),(1288,'57-58','2002-04-25'),(1503,'57-58','2009-03-20'),(1342,'57-59','2007-04-27'),(1401,'57-60','2008-03-21'),(1695,'58','2011-04-12'),(73,'58','2015-03-10'),(1605,'58-60','2010-04-23'),(1190,'59','2003-03-28'),(1290,'59-61','2002-05-02'),(1052,'59-61','2005-04-15'),(1504,'59-61','2009-03-24'),(1125,'59-62','2006-04-14'),(1696,'59-62','2011-04-15'),(74,'59-66','2015-03-13'),(148,'59-67','2016-03-18'),(4073,'6','1991-06-30'),(3027,'6','1994-07-01'),(1064,'6-12','2004-02-01'),(1194,'6-8','2003-01-24'),(1327,'6-9','2007-01-19'),(1830,'6-9','2013-01-11'),(1191,'60-61','2003-04-01'),(1766,'60-62','2012-03-30'),(1343,'60-63','2007-05-04'),(1845,'60-63','2013-03-22'),(9,'60-65','2014-03-14'),(1955,'60-66','2017-02-24'),(1606,'61','2010-04-26'),(1402,'61-62','2008-03-25'),(1090,'61-63','2004-04-16'),(3040,'62','1997-09-18'),(1291,'62','2002-05-09'),(1607,'62-63','2010-04-27'),(1051,'62-64','2005-04-22'),(1505,'62-64','2009-03-27'),(1192,'62-66','2003-04-04'),(3044,'63','2000-06-01'),(1767,'63','2012-03-31'),(1292,'63-64','2002-05-16'),(1697,'63-64','2011-04-20'),(1126,'63-65','2006-04-21'),(1403,'63-65','2008-03-28'),(3032,'64','2001-06-22'),(1768,'64','2012-04-03'),(1608,'64-65','2010-04-30'),(1091,'64-66','2004-04-23'),(1344,'64-66','2007-05-11'),(1846,'64-68','2013-03-29'),(1293,'65','2002-05-18'),(3016,'65-66','1995-11-24'),(1050,'65-66','2005-04-29'),(1506,'65-66','2009-03-31'),(1698,'65-68','2011-04-22'),(1769,'65-69','2012-04-06'),(3024,'66','1998-07-16'),(1416,'66-67','2008-04-01'),(1611,'66-67','2010-05-04'),(1294,'66-68','2002-05-23'),(1127,'66-69','2006-04-28'),(8,'66-71','2014-03-21'),(1507,'67','2009-04-03'),(1049,'67-68','2005-05-06'),(75,'67-68','2015-03-17'),(1193,'67-69','2003-04-11'),(1345,'67-69','2007-05-18'),(1956,'67-71','2017-03-03'),(1092,'67-72','2004-04-30'),(1508,'68','2009-04-07'),(149,'68','2016-03-22'),(1612,'68-69','2010-05-07'),(1699,'69','2011-04-23'),(1295,'69-70','2002-05-30'),(1038,'69-70','2005-05-13'),(1417,'69-71','2008-04-04'),(1509,'69-71','2009-04-10'),(76,'69-73','2015-03-20'),(1847,'69-74','2013-04-05'),(150,'69-77','2016-03-25'),(3057,'7','1998-01-28'),(1749,'7-12','2012-01-13'),(1485,'7-9','2009-01-20'),(1613,'70-71','2010-05-11'),(1770,'70-71','2012-04-06'),(1195,'70-72','2003-04-15'),(1208,'70-72','2006-05-05'),(1346,'70-73','2007-05-25'),(1700,'70-73','2011-04-29'),(1296,'71-73','2002-06-06'),(1026,'71-73','2005-05-20'),(1957,'72','2017-03-07'),(1418,'72-73','2008-04-08'),(1510,'72-74','2009-04-14'),(1614,'72-74','2010-05-14'),(1771,'72-75','2012-04-13'),(7,'72-77','2014-03-28'),(3043,'73','1999-07-15'),(1209,'73-74','2006-05-12'),(1196,'73-75','2003-04-18'),(1093,'73-76','2004-07-05'),(1958,'73-77','2017-03-10'),(1297,'74','2002-06-11'),(1404,'74-75','2008-04-11'),(1027,'74-76','2005-05-27'),(1347,'74-77','2007-06-01'),(1701,'74-77','2011-05-06'),(77,'74-77','2015-03-27'),(1298,'75','2002-06-13'),(1511,'75-77','2009-04-17'),(1615,'75-77','2010-05-18'),(1210,'75-78','2006-05-19'),(1848,'75-81','2013-04-12'),(1197,'76','2003-04-22'),(1405,'76-77','2008-04-15'),(1299,'76-78','2002-06-14'),(1772,'76-80','2012-04-20'),(1198,'77-79','2003-04-25'),(1094,'77-79','2004-05-14'),(1028,'77-79','2005-06-03'),(151,'78','2016-03-29'),(1406,'78-79','2008-04-18'),(1512,'78-79','2009-04-21'),(6,'78-79','2014-04-01'),(1616,'78-80','2010-05-21'),(1348,'78-81','2007-06-08'),(1702,'78-81','2011-05-13'),(78,'78-83','2015-04-03'),(1959,'78-84','2017-03-17'),(1300,'79-81','2002-06-20'),(1211,'79-82','2006-05-26'),(152,'79-89','2016-04-01'),(3066,'8','1991-12-30'),(1381,'8-10','2008-01-15'),(1578,'8-10','2010-01-22'),(1199,'80','2003-04-29'),(1407,'80','2008-04-22'),(1513,'80-81','2009-04-24'),(1095,'80-82','2004-05-21'),(1029,'80-82','2005-06-10'),(3,'80-85','2014-04-04'),(1200,'81','2003-04-30'),(1408,'81','2008-04-25'),(1773,'81','2012-04-26'),(1617,'81-82','2010-05-25'),(1409,'82','2008-04-29'),(1514,'82','2009-04-28'),(1703,'82','2011-05-17'),(1849,'82','2013-04-12'),(1201,'82-83','2003-05-09'),(1774,'82-84','2012-04-27'),(1349,'82-85','2007-06-15'),(1301,'82-86','2002-06-22'),(1410,'83','2008-05-07'),(1618,'83-84','2010-05-28'),(1030,'83-85','2005-06-17'),(1515,'83-85','2009-04-30'),(1704,'83-85','2011-05-20'),(1212,'83-86','2006-06-02'),(1096,'83-87','2004-05-28'),(1850,'83-90','2013-04-19'),(3054,'84','1997-12-18'),(79,'84','2015-04-07'),(1411,'84-85','2008-05-13'),(1202,'84-86','2003-05-16'),(1619,'85-86','2010-06-01'),(1775,'85-87','2012-05-04'),(80,'85-88','2015-04-08'),(1960,'85-91','2017-03-24'),(3052,'86','1997-12-25'),(1705,'86','2011-05-24'),(5,'86','2014-04-05'),(3053,'86-87','1997-12-25'),(1412,'86-87','2008-05-16'),(1031,'86-88','2005-06-24'),(1516,'86-88','2009-05-08'),(1350,'86-89','2007-06-22'),(1302,'87-90','2002-06-26'),(1203,'87-90','2003-05-23'),(1213,'87-90','2006-06-09'),(1620,'87-90','2010-06-04'),(1706,'87-90','2011-05-27'),(1945,'87-91','2014-04-11'),(1413,'88-89','2008-05-20'),(1097,'88-90','2004-06-04'),(1776,'88-91','2012-05-11'),(1517,'89-90','2009-05-12'),(1032,'89-91','2005-07-01'),(81,'89-92','2015-04-10'),(3070,'9','1992-09-30'),(1204,'9','2003-01-28'),(1303,'9-10','2002-01-15'),(1041,'9-12','2006-01-20'),(1920,'9-13','2014-01-17'),(214,'9-18','2017-01-13'),(3022,'90','1999-08-19'),(1414,'90','2008-05-20'),(1351,'90-93','2007-06-29'),(153,'90-99','2016-04-08'),(1415,'91','2008-05-23'),(1518,'91','2009-05-13'),(1844,'91','2013-04-20'),(1621,'91-93','2010-06-08'),(1304,'91-94','2002-06-27'),(1214,'91-94','2006-06-16'),(1707,'91-94','2011-06-03'),(1098,'91-95','2004-06-11'),(1205,'91-96','2003-05-30'),(3030,'92','1997-12-30'),(1777,'92','2012-05-15'),(1961,'92-102','2017-03-31'),(1419,'92-93','2008-05-27'),(1519,'92-93','2009-05-15'),(1033,'92-94','2005-07-08'),(1851,'92-95','2013-04-26'),(1946,'92-98','2014-04-18'),(82,'93','2015-04-14'),(1778,'93-98','2012-05-18'),(3046,'94','2000-08-03'),(1520,'94','2009-05-19'),(1420,'94-96','2008-05-30'),(1352,'94-97','2007-07-06'),(1622,'94-97','2010-06-11'),(83,'94-97','2015-04-17'),(1305,'95','2002-07-01'),(1521,'95','2009-05-22'),(1708,'95','2011-06-07'),(1034,'95-97','2005-07-15'),(1215,'95-97','2006-06-23'),(1522,'96','2009-05-26'),(1852,'96','2013-04-27'),(1709,'96-98','2011-06-10'),(1306,'96-99','2002-07-05'),(1099,'96-99','2004-06-18'),(1853,'96a','2013-05-01'),(1854,'97-103','2013-05-03'),(1206,'97-98','2003-05-31'),(1421,'97-98','2008-06-03'),(3023,'98','2000-08-10'),(1035,'98-100','2005-07-22'),(1216,'98-101','2006-06-30'),(84,'98-101','2015-04-24'),(1353,'98-102','2007-07-13'),(1623,'98-99','2010-06-15'),(1523,'99-100','2009-06-05'),(1422,'99-101','2008-06-06'),(1710,'99-101','2011-06-17'),(1779,'99-102','2012-05-25'),(1947,'99-102','2014-04-25'),(1207,'99-103','2003-06-06');
/*!40000 ALTER TABLE `oj` ENABLE KEYS */;
UNLOCK TABLES;

--
-- Table structure for table `ver`
--

DROP TABLE IF EXISTS `ver`;
/*!40101 SET @saved_cs_client     = @@character_set_client */;
/*!40101 SET character_set_client = utf8 */;
CREATE TABLE `ver` (
  `id` int(10) unsigned NOT NULL AUTO_INCREMENT COMMENT 'document version (according to changes at lex.justice.md)',
  `doc_id` mediumint(8) unsigned NOT NULL,
  `oj_id` smallint(6) DEFAULT NULL,
  `len` int(11) DEFAULT NULL,
  `md5` varchar(32) DEFAULT NULL,
  `dt` timestamp NOT NULL DEFAULT CURRENT_TIMESTAMP,
  PRIMARY KEY (`id`),
  UNIQUE KEY `id_UNIQUE` (`id`),
  KEY `fk_ver_doc_id_idx` (`doc_id`),
  CONSTRAINT `fk_ver_doc_id` FOREIGN KEY (`doc_id`) REFERENCES `doc` (`id`) ON DELETE NO ACTION ON UPDATE NO ACTION
) ENGINE=InnoDB DEFAULT CHARSET=latin1;
/*!40101 SET character_set_client = @saved_cs_client */;

--
-- Dumping data for table `ver`
--

LOCK TABLES `ver` WRITE;
/*!40000 ALTER TABLE `ver` DISABLE KEYS */;
/*!40000 ALTER TABLE `ver` ENABLE KEYS */;
UNLOCK TABLES;
/*!40103 SET TIME_ZONE=@OLD_TIME_ZONE */;

/*!40101 SET SQL_MODE=@OLD_SQL_MODE */;
/*!40014 SET FOREIGN_KEY_CHECKS=@OLD_FOREIGN_KEY_CHECKS */;
/*!40014 SET UNIQUE_CHECKS=@OLD_UNIQUE_CHECKS */;
/*!40101 SET CHARACTER_SET_CLIENT=@OLD_CHARACTER_SET_CLIENT */;
/*!40101 SET CHARACTER_SET_RESULTS=@OLD_CHARACTER_SET_RESULTS */;
/*!40101 SET COLLATION_CONNECTION=@OLD_COLLATION_CONNECTION */;
/*!40111 SET SQL_NOTES=@OLD_SQL_NOTES */;

-- Dump completed on 2018-01-09  0:29:45
